id_tx,id_cliente,fecha,ciudad,categoria,monto
1,341,2025-03-01,Bogota,ropa,83.22
2,256,2025-10-23,Bucaramanga,electronica,278.51
3,40,2025-04-05,Bucaramanga,mercado,31.89
4,387,2025-02-15,Barranquilla,ropa,79.67
5,63,2025-04-05,Bogota,ropa,75.51
6,91,2025-10-01,Bogota,ropa,69.75
7,192,2025-08-10,Medellin,electronica,285.09
8,175,2025-12-23,Bogota,ropa,154.82
9,318,2025-07-17,Bucaramanga,ropa,14.19
10,174,2025-05-09,Medellin,mercado,57.96
11,217,2025-06-14,Medellin,mercado,88.75
12,233,2025-06-18,Bogota,ropa,129.1
13,343,2025-06-01,Bogota,ropa,5.34
14,271,2025-01-23,Bogota,ropa,50.7
15,122,2025-02-05,Pereira,electronica,153.87
16,362,2025-09-21,Bogota,hogar,246.59
17,77,2025-10-15,Bucaramanga,mercado,13.72
18,384,2025-02-27,Medellin,ropa,48.6
19,41,2025-09-02,Medellin,electronica,218.04
20,195,2025-12-14,Bogota,hogar,1229.36
21,69,2025-03-08,Cali,mercado,42.17
22,377,2025-01-16,Bucaramanga,electronica,292.01
23,294,2025-10-14,Bogota,ropa,78.34
24,54,2025-05-02,Bogota,deportes,251.5
25,378,2025-04-01,Bogota,mercado,16.02
26,263,2025-06-08,Medellin,electronica,143.42
27,169,2025-03-27,Cali,libros,11.87
28,207,2025-10-09,Bogota,electronica,376.25
29,116,2025-10-08,Bogota,juguetes,67.86
30,190,2025-07-21,Bucaramanga,electronica,458.24
31,283,2025-09-27,Bogota,mercado,93.15
32,337,2025-07-12,Medellin,ropa,48.09
33,97,2025-03-02,Bogota,electronica,140.91
34,46,2025-01-26,Bogota,hogar,17.31
35,271,2025-09-05,Cali,ropa,13.92
36,52,2025-08-22,Bogota,ropa,91.24
37,193,2025-10-08,Medellin,juguetes,8.15
38,147,2025-07-04,Bogota,electronica,879.41
39,181,2025-07-20,Cartagena,electronica,807.53
40,384,2025-04-05,Barranquilla,ropa,115.33
41,73,2025-09-07,Pereira,ropa,61.89
42,341,2025-06-21,Medellin,mercado,13.81
43,219,2025-02-28,Bogota,hogar,344.34
44,220,2025-01-14,Bucaramanga,electronica,126.0
45,399,2025-05-24,Cali,electronica,35.66
46,310,2025-06-22,Cali,electronica,105.05
47,346,2025-11-06,Medellin,hogar,17.65
48,352,2025-09-12,Medellin,ropa,9.11
49,159,2025-12-13,Medellin,ropa,71.86
50,236,2025-02-18,Bogota,ropa,84.41
51,209,2025-07-03,Bogota,libros,6.66
52,391,2025-01-06,Barranquilla,hogar,243.95
53,205,2025-05-14,Cali,ropa,39.19
54,119,2025-08-22,Cartagena,juguetes,105.43
55,219,2025-02-11,Bogota,electronica,113.71
56,10,2025-03-07,Pereira,electronica,10.46
57,3,2025-11-07,Cali,ropa,228.92
58,249,2025-06-28,Bogota,juguetes,65.55
59,93,2025-06-13,Bogota,electronica,106.0
60,315,2025-03-01,Barranquilla,hogar,19.78
61,24,2025-12-15,Cali,ropa,78.81
62,400,2025-02-01,Medellin,ropa,45.45
63,170,2025-10-26,Medellin,mercado,64.73
64,69,2025-12-25,Cali,juguetes,45.41
65,282,2025-10-10,Bogota,libros,62.75
66,167,2025-02-21,Bogota,electronica,82.51
67,91,2025-07-17,Cali,ropa,5.91
68,284,2025-09-15,Medellin,ropa,190.07
69,228,2025-05-26,Medellin,electronica,742.63
70,184,2025-12-15,Bucaramanga,deportes,26.24
71,23,2025-05-23,Medellin,electronica,285.31
72,211,2025-09-24,Bogota,mercado,121.05
73,43,2025-09-11,Bogota,libros,13.9
74,127,2025-05-09,Bucaramanga,ropa,253.92
75,201,2025-09-24,Barranquilla,hogar,463.2
76,161,2025-12-27,Bucaramanga,libros,34.73
77,52,2025-08-07,Bogota,hogar,89.43
78,297,2025-08-05,Cali,electronica,165.12
79,60,2025-01-19,Medellin,mercado,19.81
80,165,2025-05-14,Medellin,hogar,38.9
81,100,2025-03-09,Cali,libros,30.25
82,311,2025-08-25,Medellin,juguetes,39.87
83,353,2025-05-09,Barranquilla,hogar,94.75
84,38,2025-12-05,Bucaramanga,ropa,14.87
85,339,2025-08-06,Bogota,hogar,13.6
86,13,2025-03-13,Bogota,electronica,231.05
87,214,2025-08-17,Cali,ropa,89.92
88,62,2025-11-11,Bogota,mercado,57.85
89,156,2025-10-16,Bogota,electronica,168.26
90,248,2025-07-12,Medellin,electronica,130.37
91,96,2025-04-19,Medellin,mercado,38.22
92,289,2025-05-25,Bucaramanga,mercado,24.68
93,151,2025-01-26,Bogota,electronica,151.11
94,305,2025-06-01,Bogota,mercado,52.81
95,356,2025-04-26,Bogota,electronica,395.29
96,93,2025-03-25,Bogota,electronica,54.62
97,9,2025-12-13,Medellin,mercado,61.72
98,50,2025-08-12,Bogota,mercado,38.3
99,246,2025-10-03,Medellin,electronica,779.81
100,199,2025-10-07,Bogota,mercado,74.8
101,110,2025-02-25,Cali,ropa,22.05
102,84,2025-07-26,Cali,electronica,30.91
103,285,2025-11-14,Bucaramanga,hogar,136.19
104,228,2025-11-04,Bogota,mercado,5.49
105,63,2025-05-25,Cali,electronica,729.05
106,162,2025-11-10,Barranquilla,deportes,81.46
107,349,2025-04-14,Medellin,ropa,27.86
108,336,2025-12-14,Medellin,juguetes,7.1
109,98,2025-06-18,Medellin,hogar,112.25
110,336,2025-03-22,Cali,deportes,416.04
111,248,2025-07-06,Medellin,electronica,616.87
112,140,2025-09-08,Bucaramanga,ropa,12.42
113,307,2025-04-10,Medellin,ropa,448.08
114,154,2025-03-12,Bogota,juguetes,36.44
115,280,2025-07-21,Bogota,hogar,33.18
116,396,2025-07-04,Cali,libros,245.11
117,25,2025-08-08,Cali,libros,67.93
118,142,2025-04-08,Cartagena,mercado,35.51
119,312,2025-03-19,Cali,electronica,134.48
120,391,2025-10-04,Cali,hogar,151.55
121,133,2025-11-04,Medellin,mercado,105.92
122,308,2025-02-06,Bogota,hogar,211.84
123,16,2025-11-02,Bogota,deportes,172.31
124,41,2025-12-24,Bogota,electronica,156.36
125,191,2025-07-06,Bogota,electronica,154.46
126,358,2025-10-12,Bogota,juguetes,74.7
127,21,2025-09-07,Cali,juguetes,47.08
128,374,2025-07-17,Medellin,electronica,263.43
129,254,2025-01-28,Cali,mercado,7.84
130,68,2025-11-05,Bogota,ropa,82.53
131,351,2025-02-17,Medellin,ropa,82.04
132,345,2025-11-17,Pereira,electronica,89.46
133,326,2025-02-07,Bogota,libros,21.36
134,310,2025-10-15,Cali,hogar,115.88
135,17,2025-10-06,Bucaramanga,electronica,401.16
136,204,2025-03-18,Bucaramanga,electronica,486.6
137,141,2025-09-23,Bogota,hogar,85.51
138,345,2025-05-08,Medellin,mercado,29.2
139,310,2025-10-10,Cali,mercado,15.1
140,180,2025-09-22,Cartagena,ropa,98.35
141,46,2025-08-26,Bogota,juguetes,134.19
142,352,2025-07-20,Cali,electronica,136.42
143,13,2025-10-19,Medellin,electronica,59.93
144,161,2025-01-17,Bucaramanga,ropa,74.46
145,200,2025-02-03,Bucaramanga,hogar,213.77
146,330,2025-07-26,Medellin,libros,55.84
147,8,2025-12-05,Bogota,mercado,25.54
148,357,2025-01-09,Pereira,electronica,78.29
149,203,2025-12-17,Medellin,juguetes,40.99
150,381,2025-05-22,Bogota,ropa,6.14
151,185,2025-05-19,Medellin,electronica,54.83
152,150,2025-10-14,Cali,hogar,36.38
153,311,2025-10-13,Bogota,mercado,24.7
154,340,2025-01-03,Bogota,mercado,19.34
155,115,2025-09-14,Cali,hogar,481.6
156,337,2025-12-20,Bogota,electronica,969.73
157,336,2025-06-20,Medellin,ropa,102.63
158,120,2025-12-15,Bogota,electronica,165.89
159,352,2025-12-13,Bogota,mercado,121.28
160,13,2025-10-20,Medellin,deportes,139.27
161,41,2025-12-11,Cali,deportes,100.4
162,399,2025-05-21,Bogota,hogar,231.39
163,29,2025-08-11,Medellin,electronica,575.1
164,250,2025-02-09,Cali,juguetes,36.35
165,64,2025-10-09,Cali,electronica,200.8
166,149,2025-08-15,Barranquilla,electronica,44.7
167,167,2025-11-28,Medellin,deportes,59.08
168,278,2025-08-03,Medellin,mercado,109.94
169,25,2025-11-11,Bucaramanga,libros,39.56
170,302,2025-09-18,Cartagena,hogar,52.18
171,184,2025-12-15,Bogota,libros,60.56
172,21,2025-10-17,Bogota,ropa,53.59
173,346,2025-09-28,Cali,juguetes,17.83
174,225,2025-12-20,Barranquilla,hogar,65.44
175,195,2025-10-06,Pereira,electronica,113.09
176,330,2025-07-02,Bogota,hogar,115.85
177,302,2025-12-10,Bogota,mercado,11.96
178,298,2025-11-08,Cali,mercado,61.36
179,342,2025-05-07,Bogota,mercado,64.67
180,74,2025-11-26,Pereira,ropa,171.73
181,73,2025-12-09,Medellin,electronica,430.9
182,112,2025-08-23,Medellin,libros,33.86
183,47,2025-09-19,Cali,electronica,193.99
184,74,2025-07-10,Cali,libros,29.04
185,160,2025-12-10,Bogota,electronica,68.1
186,181,2025-11-02,Barranquilla,electronica,427.91
187,234,2025-08-22,Bogota,electronica,176.52
188,235,2025-02-20,Bucaramanga,hogar,179.96
189,247,2025-11-07,Bogota,juguetes,43.12
190,17,2025-11-09,Bogota,hogar,179.1
191,63,2025-09-12,Bogota,mercado,103.94
192,137,2025-04-04,Bogota,mercado,27.68
193,260,2025-10-25,Medellin,hogar,269.63
194,60,2025-10-18,Bogota,electronica,379.99
195,335,2025-07-01,Cali,electronica,457.68
196,6,2025-02-13,Cali,deportes,151.62
197,330,2025-03-25,Bogota,ropa,76.34
198,92,2025-07-16,Bogota,mercado,21.75
199,179,2025-11-25,Cali,juguetes,123.74
200,300,2025-04-19,Cali,mercado,68.01
201,397,2025-05-15,Medellin,libros,10.15
202,148,2025-04-26,Bogota,juguetes,7.91
203,269,2025-03-18,Bogota,ropa,27.46
204,317,2025-10-05,Barranquilla,hogar,50.61
205,33,2025-05-21,Bucaramanga,libros,32.99
206,195,2025-02-20,Medellin,ropa,51.51
207,41,2025-06-24,Cali,electronica,276.02
208,123,2025-05-06,Cali,hogar,230.59
209,225,2025-05-19,Bogota,juguetes,120.4
210,142,2025-03-01,Medellin,electronica,272.63
211,303,2025-02-28,Medellin,hogar,28.77
212,382,2025-12-09,Bogota,ropa,6.35
213,259,2025-09-22,Medellin,electronica,1211.02
214,388,2025-12-13,Medellin,electronica,1131.29
215,158,2025-09-22,Medellin,libros,74.7
216,207,2025-03-10,Cali,deportes,6.21
217,77,2025-07-18,Pereira,ropa,107.64
218,141,2025-02-19,Bucaramanga,mercado,78.04
219,346,2025-02-01,Cali,electronica,218.0
220,103,2025-05-27,Bogota,ropa,247.98
221,339,2025-10-10,Medellin,mercado,108.57
222,295,2025-08-07,Medellin,ropa,45.54
223,101,2025-02-20,Bogota,mercado,10.06
224,281,2025-02-28,Medellin,deportes,12.06
225,264,2025-09-12,Bogota,deportes,16.43
226,122,2025-06-15,Bogota,electronica,1601.64
227,323,2025-12-15,Barranquilla,electronica,115.85
228,161,2025-07-07,Medellin,mercado,6.02
229,260,2025-12-21,Medellin,mercado,14.47
230,281,2025-03-19,Barranquilla,deportes,38.87
231,314,2025-02-13,Medellin,libros,62.67
232,264,2025-02-16,Cali,libros,41.02
233,364,2025-07-24,Bucaramanga,libros,6.2
234,32,2025-09-10,Bucaramanga,hogar,92.17
235,224,2025-05-15,Cali,electronica,62.6
236,266,2025-09-24,Barranquilla,mercado,52.63
237,4,2025-09-15,Bogota,electronica,86.91
238,335,2025-08-17,Medellin,deportes,21.4
239,329,2025-10-23,Medellin,ropa,6.05
240,143,2025-09-06,Medellin,juguetes,16.03
241,218,2025-07-05,Medellin,mercado,105.11
242,23,2025-07-09,Medellin,mercado,29.28
243,114,2025-05-22,Medellin,electronica,102.68
244,151,2025-05-24,Medellin,deportes,6.69
245,205,2025-07-01,Bogota,deportes,155.8
246,307,2025-05-18,Bogota,electronica,38.92
247,289,2025-03-18,Barranquilla,hogar,259.86
248,352,2025-06-21,Bogota,electronica,282.65
249,13,2025-07-26,Cali,electronica,169.65
250,278,2025-07-06,Medellin,electronica,107.4
251,227,2025-12-18,Bogota,deportes,141.97
252,266,2025-11-16,Cali,juguetes,7.57
253,115,2025-08-18,Bogota,ropa,56.96
254,276,2025-06-25,Bucaramanga,electronica,321.96
255,157,2025-09-04,Bogota,ropa,132.57
256,185,2025-10-13,Cali,mercado,59.66
257,323,2025-09-20,Medellin,hogar,10.53
258,32,2025-08-13,Bogota,electronica,37.28
259,38,2025-01-10,Cartagena,ropa,353.28
260,68,2025-08-03,Bogota,hogar,410.48
261,147,2025-11-21,Cali,electronica,381.31
262,156,2025-02-15,Medellin,ropa,5.69
263,53,2025-05-05,Bogota,ropa,88.35
264,210,2025-06-22,Bogota,electronica,113.1
265,144,2025-05-23,Medellin,electronica,1548.37
266,282,2025-09-11,Medellin,electronica,42.2
267,377,2025-06-09,Cartagena,mercado,27.25
268,184,2025-01-20,Medellin,mercado,8.1
269,330,2025-09-23,Pereira,hogar,30.79
270,383,2025-04-02,Medellin,electronica,159.21
271,377,2025-11-10,Bogota,deportes,57.36
272,123,2025-08-10,Bogota,hogar,321.55
273,61,2025-02-11,Medellin,hogar,409.79
274,302,2025-05-05,Cali,ropa,6.19
275,66,2025-03-23,Bogota,mercado,147.63
276,179,2025-11-25,Bogota,libros,25.04
277,346,2025-06-01,Bogota,mercado,111.39
278,44,2025-06-06,Barranquilla,mercado,14.14
279,111,2025-10-25,Bogota,hogar,68.66
280,206,2025-07-28,Cali,ropa,166.25
281,232,2025-02-27,Barranquilla,ropa,138.83
282,142,2025-05-09,Bogota,electronica,42.22
283,173,2025-05-10,Cali,electronica,40.81
284,367,2025-09-02,Bogota,libros,65.59
285,160,2025-10-26,Cali,hogar,210.61
286,152,2025-12-08,Cali,electronica,98.54
287,202,2025-04-21,Medellin,mercado,141.76
288,176,2025-05-07,Cali,mercado,45.21
289,125,2025-11-17,Bucaramanga,libros,89.32
290,379,2025-11-27,Bogota,electronica,496.05
291,263,2025-04-06,Pereira,mercado,16.63
292,347,2025-01-19,Barranquilla,electronica,1037.23
293,213,2025-09-23,Bogota,libros,23.04
294,370,2025-11-21,Cartagena,hogar,45.47
295,134,2025-12-19,Medellin,libros,31.42
296,235,2025-01-27,Bogota,electronica,241.53
297,317,2025-07-17,Medellin,ropa,10.87
298,204,2025-09-03,Bogota,ropa,132.52
299,316,2025-07-20,Medellin,electronica,160.73
300,182,2025-03-05,Medellin,ropa,45.12
301,351,2025-04-26,Bogota,ropa,142.05
302,314,2025-05-22,Cali,hogar,18.26
303,296,2025-11-03,Cartagena,electronica,118.13
304,251,2025-02-26,Bogota,juguetes,10.19
305,376,2025-03-15,Bogota,deportes,20.04
306,251,2025-07-21,Medellin,electronica,74.3
307,325,2025-09-11,Bogota,hogar,122.47
308,365,2025-01-08,Cali,libros,20.61
309,365,2025-02-19,Medellin,ropa,233.1
310,261,2025-09-20,Medellin,mercado,72.09
311,390,2025-10-27,Barranquilla,mercado,9.23
312,269,2025-12-14,Medellin,ropa,39.52
313,62,2025-06-19,Medellin,deportes,16.38
314,132,2025-06-13,Bogota,electronica,494.79
315,131,2025-05-26,Medellin,electronica,200.51
316,345,2025-04-20,Barranquilla,hogar,185.62
317,8,2025-09-25,Barranquilla,libros,7.05
318,382,2025-01-25,Cali,electronica,28.83
319,19,2025-02-13,Medellin,ropa,23.73
320,196,2025-05-02,Medellin,electronica,358.02
321,9,2025-08-16,Pereira,hogar,56.17
322,256,2025-03-19,Bogota,mercado,113.88
323,327,2025-03-02,Bucaramanga,ropa,123.8
324,23,2025-06-13,Medellin,hogar,16.56
325,352,2025-09-21,Cali,electronica,9.82
326,157,2025-02-04,Cartagena,ropa,104.48
327,145,2025-05-28,Medellin,hogar,77.14
328,87,2025-02-27,Barranquilla,deportes,23.52
329,68,2025-06-15,Barranquilla,ropa,71.36
330,2,2025-08-07,Medellin,juguetes,18.32
331,55,2025-06-13,Bogota,deportes,345.59
332,311,2025-04-01,Bogota,electronica,406.24
333,207,2025-05-03,Medellin,hogar,74.42
334,320,2025-05-24,Barranquilla,electronica,776.62
335,269,2025-02-20,Medellin,electronica,299.13
336,264,2025-04-25,Bogota,electronica,96.72
337,89,2025-04-07,Medellin,ropa,10.34
338,141,2025-06-02,Barranquilla,mercado,162.99
339,38,2025-09-28,Cali,libros,101.56
340,127,2025-06-12,Bucaramanga,mercado,21.8
341,9,2025-07-25,Medellin,hogar,45.24
342,113,2025-02-01,Bogota,ropa,36.62
343,4,2025-09-14,Bogota,deportes,351.43
344,91,2025-04-05,Medellin,ropa,45.97
345,202,2025-04-07,Bogota,electronica,25.64
346,282,2025-03-07,Cali,electronica,35.29
347,78,2025-08-23,Cali,electronica,72.61
348,35,2025-01-10,Medellin,mercado,5.5
349,394,2025-10-01,Medellin,hogar,216.43
350,362,2025-09-09,Bogota,electronica,481.25
351,305,2025-04-28,Bogota,mercado,66.33
352,269,2025-09-27,Medellin,mercado,20.18
353,258,2025-04-26,Bogota,ropa,13.4
354,331,2025-05-21,Barranquilla,mercado,174.74
355,253,2025-02-09,Bogota,mercado,6.81
356,127,2025-05-06,Cartagena,electronica,989.51
357,249,2025-05-20,Medellin,mercado,36.87
358,351,2025-05-20,Bogota,juguetes,162.42
359,240,2025-09-20,Cali,libros,49.96
360,108,2025-04-11,Pereira,electronica,172.37
361,261,2025-12-05,Medellin,hogar,223.13
362,248,2025-06-07,Medellin,electronica,256.89
363,119,2025-04-28,Bogota,electronica,411.61
364,315,2025-07-13,Medellin,mercado,16.33
365,43,2025-01-14,Bogota,mercado,28.39
366,313,2025-09-28,Medellin,juguetes,31.99
367,217,2025-12-15,Medellin,electronica,205.92
368,75,2025-04-07,Bogota,libros,21.95
369,99,2025-01-07,Bogota,hogar,50.43
370,131,2025-04-10,Bogota,electronica,738.45
371,5,2025-11-12,Cali,ropa,55.19
372,67,2025-01-17,Medellin,ropa,152.87
373,314,2025-06-20,Medellin,electronica,96.83
374,386,2025-04-23,Cali,electronica,150.18
375,50,2025-04-12,Medellin,electronica,69.65
376,161,2025-11-09,Bucaramanga,hogar,7.33
377,246,2025-09-02,Bogota,ropa,9.59
378,73,2025-05-26,Medellin,mercado,19.41
379,225,2025-08-10,Medellin,ropa,84.02
380,341,2025-06-03,Bogota,juguetes,87.18
381,20,2025-07-12,Medellin,deportes,32.44
382,82,2025-06-22,Bogota,electronica,81.09
383,193,2025-07-02,Bogota,mercado,20.64
384,18,2025-07-08,Medellin,mercado,12.89
385,166,2025-08-07,Bogota,electronica,270.67
386,160,2025-02-28,Cali,mercado,120.97
387,383,2025-01-27,Cali,mercado,54.77
388,320,2025-05-02,Medellin,libros,16.48
389,64,2025-12-06,Bogota,deportes,79.19
390,191,2025-05-05,Bogota,electronica,489.5
391,385,2025-11-18,Bogota,deportes,8.85
392,51,2025-01-01,Medellin,libros,53.63
393,134,2025-03-22,Medellin,hogar,35.79
394,86,2025-09-18,Pereira,mercado,38.58
395,10,2025-02-24,Bogota,electronica,8.24
396,113,2025-01-23,Bogota,mercado,79.5
397,356,2025-03-14,Bogota,ropa,114.57
398,244,2025-07-28,Cali,libros,14.86
399,357,2025-04-11,Cali,electronica,804.41
400,339,2025-07-27,Bogota,ropa,85.88
401,310,2025-07-25,Medellin,libros,106.43
402,108,2025-03-28,Cali,ropa,51.97
403,272,2025-03-13,Bogota,ropa,89.97
404,400,2025-02-09,Bogota,ropa,6.11
405,341,2025-08-22,Bogota,ropa,7.5
406,231,2025-07-09,Cali,hogar,64.24
407,18,2025-02-06,Bogota,hogar,117.16
408,193,2025-12-10,Bogota,ropa,36.42
409,22,2025-01-20,Barranquilla,ropa,6.61
410,282,2025-04-20,Bogota,mercado,35.3
411,197,2025-07-19,Medellin,mercado,97.52
412,155,2025-12-23,Bogota,ropa,62.73
413,258,2025-06-15,Medellin,juguetes,72.21
414,191,2025-12-24,Bogota,ropa,53.2
415,209,2025-12-08,Medellin,deportes,78.14
416,303,2025-06-01,Medellin,libros,25.81
417,225,2025-09-17,Medellin,mercado,8.61
418,177,2025-10-04,Cali,mercado,38.22
419,224,2025-01-10,Cali,electronica,842.76
420,327,2025-09-11,Cali,deportes,16.5
421,135,2025-06-04,Cartagena,mercado,165.41
422,308,2025-02-27,Medellin,mercado,66.88
423,326,2025-05-14,Bogota,electronica,86.92
424,235,2025-04-01,Cali,libros,20.77
425,289,2025-11-17,Medellin,ropa,32.46
426,99,2025-08-24,Bogota,electronica,203.25
427,111,2025-09-20,Bogota,electronica,236.25
428,197,2025-04-09,Medellin,ropa,108.74
429,377,2025-07-01,Bogota,ropa,168.37
430,123,2025-05-23,Bogota,ropa,62.7
431,149,2025-03-12,Medellin,mercado,8.29
432,303,2025-06-04,Barranquilla,mercado,18.06
433,211,2025-11-24,Bogota,ropa,24.18
434,341,2025-12-10,Cali,electronica,478.86
435,88,2025-12-14,Medellin,ropa,17.49
436,292,2025-11-17,Medellin,ropa,5.49
437,314,2025-08-06,Bogota,electronica,308.38
438,276,2025-02-26,Bucaramanga,juguetes,23.75
439,344,2025-09-02,Pereira,electronica,246.96
440,71,2025-09-27,Pereira,ropa,217.05
441,116,2025-02-11,Medellin,mercado,6.02
442,94,2025-02-16,Bogota,ropa,453.51
443,341,2025-08-24,Medellin,deportes,67.3
444,142,2025-12-28,Medellin,juguetes,68.64
445,67,2025-12-17,Cali,hogar,81.46
446,170,2025-04-08,Cali,electronica,210.85
447,277,2025-06-17,Medellin,mercado,10.86
448,60,2025-06-24,Bucaramanga,ropa,40.42
449,256,2025-02-05,Medellin,electronica,756.94
450,271,2025-02-21,Medellin,mercado,10.45
451,217,2025-07-10,Medellin,ropa,75.76
452,310,2025-11-19,Medellin,mercado,39.18
453,181,2025-03-14,Medellin,hogar,126.5
454,146,2025-05-20,Bogota,deportes,591.64
455,71,2025-02-06,Cali,hogar,180.85
456,237,2025-07-05,Cali,electronica,109.97
457,127,2025-12-11,Medellin,deportes,95.97
458,289,2025-06-22,Medellin,libros,56.38
459,230,2025-03-07,Medellin,electronica,72.85
460,139,2025-10-05,Barranquilla,mercado,44.39
461,225,2025-07-25,Bogota,ropa,61.14
462,378,2025-02-05,Medellin,hogar,62.54
463,367,2025-07-25,Medellin,hogar,45.4
464,296,2025-03-17,Cali,hogar,10.65
465,390,2025-12-24,Medellin,hogar,36.83
466,140,2025-11-11,Bogota,electronica,297.58
467,308,2025-03-15,Cali,ropa,392.03
468,230,2025-02-22,Cali,hogar,294.87
469,186,2025-02-02,Bogota,electronica,355.18
470,352,2025-04-10,Pereira,ropa,78.98
471,108,2025-10-25,Bogota,deportes,5.85
472,325,2025-10-21,Medellin,electronica,196.88
473,368,2025-12-27,Bogota,deportes,93.14
474,255,2025-03-16,Medellin,hogar,29.03
475,33,2025-04-15,Cali,mercado,100.71
476,99,2025-12-25,Medellin,juguetes,91.06
477,233,2025-05-02,Medellin,electronica,230.52
478,229,2025-02-15,Medellin,juguetes,55.22
479,389,2025-05-02,Bogota,electronica,625.76
480,330,2025-02-04,Bogota,deportes,11.04
481,166,2025-02-06,Medellin,electronica,57.87
482,103,2025-03-07,Cali,ropa,29.07
483,290,2025-09-14,Bogota,ropa,84.1
484,365,2025-10-07,Medellin,electronica,111.8
485,313,2025-07-01,Cartagena,ropa,344.23
486,254,2025-01-18,Cartagena,juguetes,46.41
487,90,2025-05-08,Medellin,mercado,76.04
488,336,2025-06-25,Medellin,mercado,102.97
489,100,2025-01-04,Bogota,hogar,204.73
490,319,2025-02-09,Barranquilla,deportes,34.33
491,67,2025-07-21,Medellin,electronica,1124.81
492,57,2025-03-22,Bogota,electronica,9.39
493,18,2025-01-02,Bogota,electronica,459.27
494,367,2025-12-26,Bogota,ropa,62.82
495,11,2025-07-28,Medellin,libros,9.21
496,94,2025-02-06,Medellin,electronica,26.75
497,239,2025-12-16,Pereira,ropa,58.66
498,380,2025-11-26,Bogota,hogar,29.69
499,249,2025-03-16,Bogota,ropa,169.15
500,308,2025-08-13,Medellin,ropa,12.07
501,233,2025-05-06,Medellin,electronica,22.88
502,101,2025-03-21,Barranquilla,ropa,19.69
503,387,2025-11-28,Bogota,mercado,155.99
504,136,2025-12-28,Medellin,electronica,959.24
505,46,2025-07-17,Cartagena,libros,66.22
506,149,2025-12-01,Bogota,deportes,36.87
507,281,2025-09-02,Cali,ropa,181.9
508,330,2025-03-27,Bogota,ropa,63.13
509,214,2025-03-11,Bogota,deportes,196.12
510,135,2025-03-24,Medellin,electronica,772.22
511,158,2025-08-11,Bogota,electronica,395.79
512,379,2025-11-06,Medellin,ropa,147.58
513,227,2025-07-02,Bogota,libros,25.72
514,227,2025-08-01,Cali,mercado,11.44
515,362,2025-02-11,Bogota,hogar,12.06
516,23,2025-02-27,Medellin,electronica,527.23
517,60,2025-08-20,Bucaramanga,juguetes,141.23
518,340,2025-05-17,Medellin,hogar,184.69
519,58,2025-01-28,Medellin,mercado,100.8
520,249,2025-12-12,Cali,electronica,149.19
521,368,2025-02-07,Medellin,hogar,210.82
522,102,2025-04-21,Pereira,libros,114.52
523,322,2025-10-16,Medellin,mercado,77.88
524,234,2025-08-27,Medellin,libros,20.12
525,228,2025-01-18,Bogota,hogar,42.65
526,254,2025-02-06,Barranquilla,deportes,161.98
527,58,2025-05-19,Bogota,mercado,29.4
528,307,2025-09-24,Bogota,mercado,54.02
529,171,2025-11-20,Bogota,mercado,108.66
530,100,2025-11-24,Bogota,libros,15.36
531,338,2025-09-26,Medellin,hogar,215.75
532,62,2025-06-14,Bogota,juguetes,40.94
533,387,2025-11-19,Cali,ropa,203.94
534,306,2025-05-28,Bogota,ropa,147.06
535,373,2025-07-24,Bucaramanga,mercado,15.62
536,83,2025-07-12,Bogota,ropa,296.43
537,42,2025-02-15,Barranquilla,electronica,101.03
538,157,2025-10-20,Cali,electronica,880.26
539,182,2025-04-19,Medellin,hogar,73.83
540,70,2025-01-18,Bucaramanga,ropa,16.29
541,211,2025-04-08,Cali,mercado,73.47
542,80,2025-11-08,Bogota,mercado,19.01
543,372,2025-07-17,Cali,hogar,132.87
544,95,2025-02-15,Bogota,deportes,11.1
545,247,2025-04-08,Medellin,mercado,9.02
546,126,2025-02-18,Cali,ropa,54.21
547,8,2025-06-09,Medellin,mercado,40.01
548,136,2025-11-20,Bogota,deportes,263.89
549,332,2025-09-13,Bogota,mercado,57.37
550,141,2025-11-16,Medellin,hogar,325.03
551,210,2025-04-25,Medellin,electronica,17.99
552,91,2025-03-04,Pereira,electronica,258.38
553,162,2025-12-12,Barranquilla,ropa,455.49
554,162,2025-04-13,Cali,ropa,28.72
555,191,2025-03-23,Bogota,hogar,121.06
556,95,2025-10-12,Medellin,mercado,6.42
557,91,2025-12-25,Bogota,electronica,228.68
558,305,2025-06-05,Pereira,ropa,67.92
559,267,2025-02-10,Medellin,hogar,157.62
560,172,2025-01-13,Cali,electronica,89.1
561,380,2025-02-08,Medellin,mercado,30.5
562,72,2025-09-17,Bogota,ropa,22.3
563,172,2025-07-23,Cali,mercado,28.28
564,350,2025-12-24,Cali,mercado,19.82
565,109,2025-05-27,Medellin,hogar,152.24
566,263,2025-06-08,Medellin,mercado,18.42
567,319,2025-01-11,Cali,hogar,246.43
568,373,2025-04-08,Cali,hogar,57.23
569,25,2025-04-21,Medellin,mercado,131.58
570,195,2025-01-26,Bogota,electronica,6.1
571,240,2025-07-11,Medellin,mercado,28.55
572,100,2025-04-17,Cali,electronica,611.82
573,27,2025-09-10,Bogota,electronica,642.11
574,174,2025-02-12,Medellin,electronica,108.94
575,245,2025-10-16,Cali,libros,20.27
576,75,2025-12-15,Medellin,electronica,338.03
577,204,2025-09-11,Barranquilla,mercado,155.1
578,195,2025-01-13,Bogota,ropa,20.0
579,66,2025-04-07,Cartagena,electronica,28.01
580,69,2025-03-04,Bogota,hogar,78.02
581,223,2025-09-04,Medellin,ropa,48.33
582,145,2025-10-15,Medellin,ropa,36.49
583,355,2025-03-24,Bogota,juguetes,32.62
584,143,2025-04-14,Medellin,ropa,175.59
585,169,2025-03-07,Cartagena,mercado,141.69
586,187,2025-12-16,Medellin,hogar,138.34
587,150,2025-02-08,Bogota,mercado,148.34
588,163,2025-09-07,Bogota,hogar,57.77
589,91,2025-08-13,Cali,libros,29.38
590,180,2025-07-18,Medellin,ropa,68.2
591,99,2025-08-24,Medellin,libros,6.46
592,119,2025-11-08,Medellin,mercado,91.17
593,160,2025-07-10,Cartagena,ropa,9.4
594,128,2025-02-17,Bucaramanga,electronica,74.21
595,309,2025-01-24,Bogota,mercado,97.02
596,358,2025-11-08,Medellin,ropa,8.56
597,222,2025-11-27,Cali,hogar,32.77
598,302,2025-04-14,Medellin,juguetes,11.29
599,211,2025-01-27,Medellin,ropa,81.72
600,207,2025-04-12,Medellin,hogar,11.04
601,223,2025-05-16,Medellin,deportes,320.25
602,383,2025-01-28,Medellin,electronica,130.72
603,291,2025-08-18,Barranquilla,electronica,202.2
604,212,2025-04-23,Bogota,ropa,20.8
605,326,2025-05-09,Medellin,deportes,13.94
606,63,2025-07-24,Medellin,electronica,28.59
607,65,2025-04-05,Bogota,deportes,113.92
608,221,2025-11-10,Bogota,electronica,82.95
609,30,2025-07-18,Medellin,deportes,215.66
610,252,2025-02-21,Medellin,ropa,30.33
611,50,2025-06-26,Medellin,ropa,159.04
612,41,2025-06-24,Cali,electronica,50.97
613,182,2025-12-09,Medellin,ropa,18.17
614,99,2025-03-27,Pereira,electronica,281.84
615,364,2025-05-09,Bucaramanga,mercado,103.3
616,282,2025-03-02,Bucaramanga,libros,29.11
617,9,2025-11-20,Bogota,juguetes,18.61
618,133,2025-04-13,Bogota,electronica,266.15
619,67,2025-10-18,Medellin,ropa,152.85
620,296,2025-06-24,Bogota,deportes,114.96
621,144,2025-05-05,Medellin,electronica,196.1
622,214,2025-02-17,Cali,libros,177.21
623,291,2025-01-09,Medellin,electronica,49.02
624,344,2025-05-09,Barranquilla,ropa,72.03
625,203,2025-07-24,Medellin,deportes,64.8
626,378,2025-12-14,Cali,hogar,69.52
627,181,2025-05-07,Medellin,ropa,76.2
628,191,2025-02-10,Bogota,ropa,36.33
629,375,2025-12-06,Bogota,hogar,103.5
630,307,2025-08-20,Medellin,deportes,101.97
631,192,2025-09-10,Bogota,ropa,67.14
632,81,2025-03-05,Bogota,ropa,46.32
633,105,2025-12-15,Pereira,electronica,400.58
634,12,2025-04-14,Cali,libros,22.62
635,69,2025-09-07,Medellin,ropa,15.99
636,10,2025-01-11,Bogota,mercado,45.85
637,288,2025-05-05,Pereira,electronica,36.72
638,133,2025-06-06,Cali,electronica,186.31
639,190,2025-09-07,Barranquilla,libros,14.72
640,111,2025-09-10,Bogota,ropa,220.34
641,5,2025-12-24,Cali,electronica,651.61
642,190,2025-12-06,Bogota,juguetes,17.34
643,71,2025-10-16,Barranquilla,electronica,5.43
644,27,2025-01-03,Cali,ropa,45.06
645,332,2025-09-19,Medellin,hogar,40.55
646,264,2025-11-25,Barranquilla,ropa,32.44
647,341,2025-05-22,Cali,mercado,14.99
648,85,2025-01-23,Bucaramanga,ropa,136.62
649,85,2025-03-28,Medellin,deportes,53.21
650,316,2025-04-06,Pereira,deportes,58.62
651,164,2025-03-13,Bogota,deportes,131.41
652,273,2025-01-12,Bogota,ropa,30.4
653,228,2025-05-21,Pereira,deportes,45.48
654,276,2025-01-23,Medellin,libros,38.36
655,24,2025-06-14,Bogota,juguetes,120.49
656,60,2025-06-11,Medellin,mercado,251.6
657,85,2025-11-26,Bucaramanga,mercado,65.11
658,303,2025-07-28,Medellin,hogar,35.04
659,332,2025-08-04,Bogota,electronica,864.44
660,274,2025-11-20,Medellin,mercado,32.2
661,51,2025-07-17,Medellin,ropa,66.34
662,184,2025-06-21,Medellin,ropa,8.12
663,41,2025-08-03,Bogota,libros,17.34
664,368,2025-04-24,Bogota,deportes,46.33
665,55,2025-06-15,Medellin,hogar,16.69
666,116,2025-12-26,Bogota,electronica,318.33
667,144,2025-05-28,Medellin,electronica,507.47
668,162,2025-11-08,Bogota,mercado,315.67
669,96,2025-07-10,Bogota,ropa,60.43
670,168,2025-01-23,Medellin,deportes,163.59
671,253,2025-08-12,Barranquilla,ropa,22.93
672,335,2025-03-27,Cali,deportes,5.81
673,285,2025-10-24,Cali,juguetes,205.84
674,310,2025-07-25,Bogota,electronica,215.42
675,301,2025-01-24,Bogota,electronica,624.04
676,244,2025-02-12,Barranquilla,hogar,15.72
677,69,2025-03-07,Medellin,libros,31.64
678,288,2025-07-16,Cali,electronica,451.91
679,370,2025-09-27,Bogota,libros,25.41
680,106,2025-02-04,Bogota,electronica,5.65
681,350,2025-12-07,Bogota,electronica,183.49
682,165,2025-01-03,Medellin,hogar,62.75
683,171,2025-04-21,Bogota,mercado,82.71
684,213,2025-10-05,Bogota,deportes,189.02
685,128,2025-04-08,Bogota,hogar,84.23
686,27,2025-06-10,Medellin,ropa,26.08
687,27,2025-12-10,Bogota,deportes,257.3
688,336,2025-06-09,Bogota,ropa,71.48
689,338,2025-10-12,Pereira,mercado,67.2
690,230,2025-09-15,Bogota,juguetes,17.62
691,21,2025-04-26,Cali,hogar,7.37
692,152,2025-03-28,Bogota,electronica,576.98
693,20,2025-10-20,Cali,ropa,167.74
694,139,2025-09-14,Bogota,electronica,488.39
695,243,2025-01-02,Bogota,mercado,46.78
696,153,2025-08-17,Bogota,mercado,118.7
697,228,2025-06-14,Medellin,libros,64.46
698,256,2025-02-07,Cali,electronica,36.53
699,217,2025-12-06,Bogota,ropa,90.49
700,267,2025-11-11,Bogota,mercado,10.69
701,395,2025-04-15,Medellin,hogar,143.63
702,232,2025-06-07,Medellin,mercado,82.55
703,4,2025-05-25,Bogota,electronica,70.27
704,372,2025-07-17,Bogota,electronica,81.22
705,368,2025-04-09,Cali,libros,94.76
706,364,2025-04-23,Pereira,mercado,7.94
707,16,2025-01-02,Cartagena,ropa,29.03
708,317,2025-01-07,Bogota,electronica,71.77
709,122,2025-10-26,Cali,ropa,125.15
710,247,2025-11-09,Medellin,electronica,59.09
711,6,2025-09-09,Bogota,ropa,5.62
712,398,2025-01-22,Medellin,mercado,36.04
713,189,2025-10-14,Bogota,ropa,134.78
714,251,2025-12-20,Medellin,ropa,88.21
715,137,2025-04-15,Bogota,mercado,51.07
716,291,2025-03-05,Bucaramanga,libros,59.38
717,365,2025-01-24,Bogota,ropa,20.78
718,324,2025-10-11,Medellin,ropa,10.83
719,381,2025-08-22,Medellin,mercado,12.92
720,250,2025-02-04,Bogota,electronica,560.4
721,367,2025-07-12,Bogota,deportes,103.15
722,186,2025-01-03,Bogota,electronica,84.63
723,292,2025-05-24,Cartagena,ropa,71.47
724,4,2025-11-22,Bogota,deportes,18.02
725,370,2025-01-03,Bogota,mercado,26.7
726,74,2025-09-02,Bogota,libros,32.62
727,257,2025-06-09,Barranquilla,mercado,101.74
728,335,2025-03-13,Cali,electronica,85.23
729,392,2025-07-04,Bucaramanga,hogar,60.69
730,324,2025-02-28,Bucaramanga,hogar,90.63
731,89,2025-04-23,Medellin,electronica,288.25
732,139,2025-01-13,Medellin,hogar,90.01
733,67,2025-12-02,Medellin,deportes,57.5
734,44,2025-03-07,Barranquilla,libros,20.84
735,138,2025-12-27,Barranquilla,deportes,13.31
736,152,2025-12-14,Bogota,hogar,123.37
737,121,2025-04-19,Medellin,deportes,25.41
738,25,2025-06-08,Medellin,hogar,210.48
739,189,2025-04-28,Bogota,mercado,35.91
740,147,2025-10-13,Bogota,ropa,135.77
741,80,2025-08-18,Bogota,libros,14.93
742,215,2025-03-24,Bogota,ropa,80.83
743,370,2025-11-02,Bucaramanga,electronica,51.44
744,239,2025-09-17,Bogota,electronica,1196.39
745,332,2025-11-07,Bogota,electronica,476.5
746,196,2025-01-12,Medellin,ropa,22.54
747,319,2025-12-06,Medellin,electronica,257.85
748,28,2025-12-14,Bogota,ropa,22.95
749,148,2025-07-04,Bucaramanga,libros,15.53
750,21,2025-03-21,Bogota,electronica,137.09
751,224,2025-07-13,Barranquilla,mercado,168.94
752,30,2025-09-27,Bogota,deportes,75.43
753,312,2025-03-02,Medellin,electronica,648.05
754,209,2025-01-18,Bogota,mercado,18.37
755,285,2025-07-22,Medellin,deportes,37.02
756,139,2025-11-11,Medellin,electronica,119.36
757,347,2025-09-03,Pereira,mercado,63.34
758,106,2025-02-26,Cali,electronica,829.16
759,278,2025-05-07,Bogota,electronica,131.34
760,203,2025-07-02,Bucaramanga,ropa,9.44
761,135,2025-06-02,Cartagena,ropa,61.75
762,290,2025-03-03,Pereira,electronica,31.05
763,311,2025-01-22,Medellin,deportes,26.87
764,274,2025-10-23,Medellin,mercado,38.16
765,313,2025-11-12,Medellin,hogar,44.56
766,82,2025-01-01,Medellin,ropa,43.59
767,388,2025-02-21,Medellin,mercado,9.43
768,88,2025-03-04,Barranquilla,mercado,6.94
769,31,2025-04-16,Medellin,deportes,57.71
770,378,2025-11-22,Bogota,ropa,8.41
771,279,2025-09-19,Bogota,ropa,40.34
772,385,2025-05-19,Cali,electronica,187.58
773,222,2025-11-24,Medellin,hogar,206.91
774,272,2025-01-27,Bogota,hogar,191.66
775,348,2025-04-06,Cali,mercado,18.4
776,386,2025-06-05,Cali,electronica,146.22
777,222,2025-06-27,Bogota,libros,31.46
778,205,2025-03-21,Bogota,mercado,64.79
779,276,2025-06-21,Bogota,hogar,46.35
780,164,2025-11-07,Bogota,mercado,17.88
781,326,2025-08-01,Bogota,deportes,11.12
782,394,2025-11-19,Cali,hogar,6.86
783,138,2025-03-08,Medellin,hogar,135.79
784,239,2025-04-28,Pereira,hogar,187.38
785,145,2025-08-01,Bogota,mercado,48.28
786,228,2025-12-06,Cali,mercado,9.73
787,338,2025-12-01,Medellin,mercado,23.36
788,318,2025-06-22,Medellin,electronica,221.84
789,249,2025-07-14,Bogota,mercado,36.79
790,235,2025-02-13,Cali,mercado,66.19
791,370,2025-01-05,Medellin,electronica,588.41
792,385,2025-01-07,Bogota,ropa,68.03
793,246,2025-10-07,Cali,electronica,259.13
794,181,2025-01-23,Bogota,ropa,16.48
795,390,2025-06-20,Cali,electronica,452.7
796,313,2025-06-12,Bogota,juguetes,112.16
797,319,2025-04-09,Medellin,ropa,29.68
798,257,2025-09-12,Bogota,hogar,20.37
799,105,2025-04-07,Bogota,libros,10.15
800,230,2025-01-26,Medellin,mercado,15.77
801,168,2025-12-04,Medellin,hogar,449.63
802,82,2025-07-23,Bucaramanga,mercado,173.53
803,157,2025-05-15,Cali,hogar,103.98
804,44,2025-01-09,Barranquilla,hogar,6.13
805,78,2025-03-01,Bogota,mercado,9.68
806,242,2025-12-04,Bogota,electronica,201.96
807,144,2025-11-26,Medellin,libros,165.99
808,170,2025-05-10,Cali,electronica,705.99
809,100,2025-02-28,Medellin,hogar,196.91
810,284,2025-07-24,Bogota,hogar,70.39
811,397,2025-05-18,Bogota,hogar,393.62
812,199,2025-06-03,Bogota,electronica,33.39
813,174,2025-04-10,Barranquilla,electronica,206.05
814,378,2025-11-03,Bogota,ropa,212.11
815,134,2025-07-07,Cali,libros,93.06
816,299,2025-03-19,Bogota,hogar,25.15
817,113,2025-10-21,Medellin,ropa,113.22
818,17,2025-10-28,Bogota,ropa,206.55
819,67,2025-12-07,Medellin,ropa,106.48
820,228,2025-11-19,Medellin,hogar,244.03
821,114,2025-06-02,Pereira,electronica,242.28
822,238,2025-09-25,Bogota,hogar,69.41
823,308,2025-07-14,Cali,mercado,37.56
824,302,2025-09-23,Medellin,hogar,90.12
825,221,2025-05-15,Bogota,ropa,17.83
826,312,2025-02-23,Bogota,mercado,21.81
827,7,2025-04-25,Pereira,ropa,290.09
828,75,2025-07-11,Bogota,deportes,110.08
829,269,2025-07-02,Pereira,libros,35.17
830,98,2025-04-08,Bogota,deportes,156.36
831,194,2025-11-09,Medellin,hogar,61.01
832,335,2025-07-02,Medellin,juguetes,163.7
833,311,2025-11-05,Medellin,ropa,51.09
834,66,2025-12-24,Bogota,hogar,187.2
835,296,2025-05-28,Pereira,hogar,44.16
836,349,2025-12-23,Medellin,ropa,8.86
837,264,2025-12-28,Bogota,electronica,193.59
838,185,2025-10-11,Medellin,ropa,93.93
839,53,2025-08-01,Medellin,electronica,70.06
840,199,2025-04-17,Cali,electronica,321.71
841,254,2025-10-01,Cali,electronica,403.95
842,18,2025-11-17,Bogota,electronica,40.9
843,374,2025-05-02,Medellin,deportes,34.57
844,344,2025-01-26,Bogota,deportes,9.93
845,378,2025-07-01,Medellin,electronica,212.54
846,306,2025-06-16,Medellin,electronica,183.15
847,66,2025-08-06,Bogota,hogar,258.69
848,286,2025-01-18,Cali,electronica,104.04
849,273,2025-03-15,Bogota,electronica,75.23
850,158,2025-07-03,Medellin,mercado,27.84
851,339,2025-07-11,Medellin,ropa,146.41
852,358,2025-11-01,Bogota,electronica,1019.87
853,153,2025-12-21,Bogota,mercado,24.28
854,148,2025-09-27,Bucaramanga,deportes,32.88
855,280,2025-07-26,Barranquilla,ropa,62.33
856,69,2025-09-09,Barranquilla,hogar,26.07
857,249,2025-06-06,Bogota,ropa,64.59
858,9,2025-10-22,Bogota,electronica,891.73
859,27,2025-06-14,Cali,deportes,47.55
860,95,2025-09-23,Bogota,deportes,133.6
861,228,2025-07-26,Medellin,mercado,89.96
862,272,2025-12-23,Pereira,libros,11.52
863,207,2025-07-10,Medellin,libros,48.07
864,239,2025-08-08,Medellin,libros,15.53
865,187,2025-04-25,Bucaramanga,electronica,619.98
866,46,2025-08-06,Medellin,mercado,76.66
867,54,2025-04-22,Medellin,hogar,409.2
868,102,2025-08-21,Medellin,mercado,12.51
869,190,2025-03-28,Medellin,ropa,100.34
870,12,2025-01-06,Pereira,libros,85.01
871,343,2025-03-02,Bogota,electronica,123.43
872,147,2025-02-07,Medellin,ropa,40.8
873,132,2025-05-05,Cali,hogar,175.32
874,316,2025-09-09,Cali,ropa,7.82
875,94,2025-08-25,Cali,ropa,114.86
876,397,2025-01-25,Bogota,ropa,21.96
877,347,2025-09-01,Medellin,mercado,43.92
878,65,2025-06-28,Medellin,mercado,52.62
879,4,2025-06-11,Cali,juguetes,42.06
880,238,2025-08-09,Medellin,electronica,992.54
881,182,2025-04-16,Cali,ropa,44.49
882,216,2025-08-14,Medellin,electronica,719.35
883,5,2025-07-15,Medellin,electronica,336.71
884,162,2025-06-18,Medellin,mercado,6.18
885,333,2025-08-18,Medellin,deportes,20.43
886,143,2025-10-27,Medellin,mercado,127.35
887,247,2025-06-11,Bogota,electronica,57.42
888,232,2025-08-23,Bucaramanga,mercado,24.09
889,296,2025-02-14,Cali,electronica,419.41
890,153,2025-03-16,Bogota,mercado,117.15
891,173,2025-12-15,Barranquilla,juguetes,50.69
892,33,2025-06-03,Medellin,ropa,18.66
893,157,2025-07-14,Medellin,electronica,516.21
894,83,2025-02-15,Medellin,hogar,12.15
895,366,2025-09-06,Bogota,ropa,37.92
896,146,2025-02-26,Bogota,mercado,34.52
897,232,2025-03-01,Cali,libros,45.19
898,47,2025-10-13,Bogota,electronica,452.51
899,386,2025-08-05,Bogota,hogar,92.56
900,306,2025-08-27,Barranquilla,mercado,52.65
901,102,2025-06-19,Medellin,hogar,132.61
902,370,2025-09-04,Medellin,ropa,194.17
903,32,2025-05-02,Medellin,juguetes,107.9
904,178,2025-04-18,Cali,mercado,113.98
905,281,2025-06-02,Medellin,electronica,860.03
906,369,2025-08-11,Medellin,electronica,315.2
907,222,2025-11-27,Barranquilla,deportes,19.4
908,273,2025-05-16,Cali,deportes,107.41
909,264,2025-05-08,Cali,electronica,27.0
910,289,2025-03-13,Bucaramanga,ropa,184.89
911,190,2025-08-12,Medellin,electronica,428.29
912,275,2025-05-02,Cartagena,ropa,31.46
913,26,2025-05-05,Cali,mercado,10.58
914,25,2025-10-05,Cali,libros,50.44
915,338,2025-10-24,Medellin,electronica,251.62
916,213,2025-11-24,Bogota,hogar,27.0
917,298,2025-03-18,Bogota,electronica,108.93
918,255,2025-07-17,Medellin,juguetes,43.0
919,22,2025-06-19,Medellin,hogar,194.3
920,195,2025-05-10,Bogota,mercado,71.22
921,29,2025-11-28,Cali,hogar,93.02
922,212,2025-01-23,Bogota,libros,62.72
923,223,2025-11-06,Cali,ropa,128.45
924,271,2025-05-26,Bogota,electronica,28.39
925,18,2025-02-10,Medellin,ropa,40.01
926,146,2025-09-04,Bogota,deportes,41.26
927,133,2025-01-23,Medellin,mercado,87.39
928,271,2025-04-02,Cali,mercado,80.93
929,102,2025-12-18,Barranquilla,mercado,10.31
930,77,2025-03-23,Bogota,ropa,238.06
931,24,2025-08-02,Cali,hogar,301.0
932,161,2025-06-26,Cartagena,electronica,226.76
933,202,2025-05-18,Medellin,electronica,111.81
934,185,2025-02-22,Medellin,mercado,59.4
935,178,2025-11-11,Bogota,electronica,139.83
936,157,2025-03-01,Bogota,ropa,61.85
937,227,2025-03-23,Bogota,ropa,37.99
938,212,2025-05-20,Barranquilla,ropa,118.68
939,86,2025-12-21,Barranquilla,juguetes,87.74
940,261,2025-11-28,Medellin,hogar,17.21
941,187,2025-06-11,Pereira,electronica,32.3
942,11,2025-04-23,Barranquilla,ropa,76.31
943,330,2025-10-11,Medellin,mercado,32.15
944,373,2025-02-26,Bogota,electronica,365.96
945,176,2025-12-01,Medellin,electronica,175.21
946,40,2025-07-04,Barranquilla,ropa,79.22
947,376,2025-07-18,Barranquilla,mercado,9.58
948,378,2025-02-12,Cali,ropa,28.18
949,329,2025-03-13,Medellin,hogar,69.58
950,262,2025-03-03,Cali,mercado,222.4
951,309,2025-09-24,Cali,ropa,255.91
952,340,2025-01-22,Cali,electronica,814.31
953,27,2025-12-08,Cali,electronica,24.45
954,192,2025-02-24,Medellin,hogar,20.2
955,30,2025-07-01,Bogota,ropa,92.1
956,212,2025-12-04,Barranquilla,ropa,15.53
957,200,2025-08-21,Bogota,deportes,20.48
958,310,2025-10-27,Medellin,hogar,381.74
959,34,2025-07-21,Bucaramanga,electronica,342.19
960,161,2025-08-05,Medellin,electronica,416.66
961,199,2025-01-15,Cali,hogar,37.57
962,235,2025-08-05,Bogota,juguetes,15.2
963,29,2025-08-21,Medellin,hogar,36.69
964,64,2025-03-08,Bucaramanga,libros,16.21
965,59,2025-10-25,Bogota,mercado,109.82
966,61,2025-09-21,Bogota,libros,5.86
967,335,2025-12-01,Cali,mercado,86.16
968,330,2025-07-01,Medellin,hogar,36.95
969,13,2025-05-20,Bogota,ropa,79.47
970,45,2025-01-05,Medellin,electronica,293.15
971,67,2025-09-19,Medellin,ropa,159.27
972,351,2025-01-08,Bogota,ropa,66.21
973,259,2025-02-09,Bogota,libros,111.23
974,377,2025-07-04,Pereira,mercado,90.69
975,83,2025-09-22,Cartagena,electronica,56.68
976,9,2025-12-11,Bogota,hogar,113.42
977,342,2025-10-19,Cali,libros,50.61
978,394,2025-10-18,Medellin,electronica,33.34
979,385,2025-08-27,Cali,hogar,133.47
980,370,2025-06-19,Bogota,deportes,55.64
981,95,2025-12-08,Bogota,libros,9.68
982,324,2025-01-01,Cali,ropa,136.09
983,69,2025-10-16,Bogota,electronica,472.44
984,230,2025-12-17,Medellin,ropa,31.94
985,346,2025-11-11,Cali,hogar,70.8
986,273,2025-12-12,Bogota,mercado,64.55
987,271,2025-09-26,Bogota,electronica,427.07
988,307,2025-11-25,Medellin,ropa,157.79
989,260,2025-01-12,Barranquilla,ropa,129.6
990,129,2025-08-07,Pereira,deportes,83.38
991,289,2025-12-07,Bogota,mercado,269.96
992,369,2025-01-23,Cali,hogar,78.68
993,73,2025-06-16,Bogota,electronica,11.12
994,164,2025-12-16,Bogota,deportes,337.82
995,138,2025-05-20,Medellin,electronica,119.6
996,236,2025-11-25,Bogota,electronica,212.45
997,393,2025-05-03,Cali,mercado,8.07
998,120,2025-03-17,Cali,libros,20.29
999,66,2025-04-02,Bogota,electronica,107.25
1000,145,2025-06-08,Cali,deportes,482.69
1001,212,2025-04-16,Medellin,juguetes,44.18
1002,176,2025-08-24,Bucaramanga,hogar,275.41
1003,163,2025-06-19,Cali,electronica,492.4
1004,374,2025-07-03,Medellin,deportes,66.35
1005,356,2025-11-24,Cartagena,ropa,76.39
1006,45,2025-11-28,Medellin,electronica,527.48
1007,38,2025-10-19,Barranquilla,mercado,63.21
1008,257,2025-09-26,Bogota,deportes,118.06
1009,33,2025-02-11,Bogota,electronica,336.12
1010,283,2025-09-01,Bogota,electronica,1231.87
1011,38,2025-03-20,Bucaramanga,ropa,51.04
1012,97,2025-06-02,Bogota,mercado,5.11
1013,153,2025-03-27,Medellin,mercado,28.62
1014,209,2025-10-07,Cali,mercado,68.02
1015,289,2025-08-02,Medellin,electronica,143.05
1016,189,2025-01-01,Bogota,deportes,260.18
1017,23,2025-04-03,Barranquilla,electronica,71.37
1018,192,2025-05-12,Cartagena,mercado,53.08
1019,213,2025-11-04,Medellin,deportes,62.93
1020,113,2025-10-19,Bogota,deportes,260.21
1021,276,2025-09-25,Medellin,deportes,10.92
1022,163,2025-04-15,Bogota,electronica,31.75
1023,180,2025-08-22,Bogota,mercado,26.18
1024,304,2025-07-01,Medellin,electronica,209.86
1025,58,2025-04-19,Medellin,electronica,133.43
1026,390,2025-03-05,Medellin,electronica,170.37
1027,372,2025-04-16,Cali,mercado,117.58
1028,43,2025-02-03,Bogota,mercado,64.77
1029,90,2025-08-05,Bogota,mercado,60.33
1030,97,2025-07-24,Bogota,deportes,105.42
1031,338,2025-12-05,Bogota,mercado,22.71
1032,33,2025-11-13,Medellin,deportes,53.05
1033,281,2025-03-16,Bogota,ropa,82.28
1034,39,2025-03-05,Medellin,ropa,120.69
1035,281,2025-05-13,Cali,electronica,186.71
1036,205,2025-05-28,Bogota,electronica,318.22
1037,204,2025-04-16,Medellin,deportes,71.56
1038,319,2025-03-08,Bogota,mercado,44.17
1039,11,2025-05-10,Cali,hogar,124.13
1040,317,2025-02-22,Cali,ropa,102.51
1041,172,2025-09-17,Cali,mercado,53.95
1042,6,2025-02-06,Medellin,mercado,20.07
1043,325,2025-07-13,Bogota,electronica,139.35
1044,394,2025-08-28,Medellin,deportes,17.41
1045,104,2025-10-03,Bogota,electronica,76.08
1046,195,2025-05-20,Bogota,electronica,249.36
1047,126,2025-03-07,Bogota,hogar,12.53
1048,275,2025-06-12,Medellin,electronica,429.56
1049,147,2025-01-28,Medellin,mercado,8.31
1050,121,2025-11-23,Bogota,hogar,82.35
1051,249,2025-01-06,Medellin,hogar,111.37
1052,152,2025-09-23,Medellin,hogar,265.52
1053,246,2025-07-24,Medellin,mercado,14.6
1054,282,2025-10-12,Medellin,ropa,435.36
1055,120,2025-12-25,Bogota,electronica,502.9
1056,370,2025-08-21,Cali,ropa,108.35
1057,212,2025-12-20,Barranquilla,ropa,47.12
1058,30,2025-10-26,Barranquilla,electronica,168.25
1059,194,2025-06-13,Medellin,hogar,59.04
1060,19,2025-02-05,Barranquilla,electronica,367.25
1061,381,2025-07-15,Barranquilla,electronica,82.07
1062,63,2025-03-28,Bogota,mercado,55.03
1063,93,2025-09-16,Medellin,hogar,151.89
1064,139,2025-05-22,Bogota,hogar,210.32
1065,363,2025-05-17,Pereira,mercado,77.86
1066,39,2025-02-04,Cali,hogar,96.26
1067,345,2025-07-05,Bogota,hogar,39.07
1068,117,2025-10-24,Cali,electronica,136.16
1069,226,2025-12-12,Barranquilla,hogar,28.36
1070,17,2025-11-03,Bogota,mercado,19.84
1071,20,2025-04-10,Bucaramanga,ropa,7.79
1072,121,2025-06-25,Pereira,mercado,21.12
1073,294,2025-08-05,Cali,deportes,83.51
1074,359,2025-10-28,Medellin,hogar,111.56
1075,228,2025-10-17,Bogota,hogar,48.91
1076,200,2025-09-03,Bogota,mercado,46.15
1077,223,2025-03-16,Bogota,mercado,77.18
1078,180,2025-09-25,Bogota,hogar,13.87
1079,172,2025-10-17,Medellin,electronica,191.93
1080,170,2025-03-16,Bucaramanga,electronica,185.88
1081,113,2025-04-04,Medellin,mercado,34.0
1082,321,2025-12-09,Bucaramanga,ropa,353.91
1083,159,2025-04-21,Cali,ropa,37.15
1084,17,2025-02-06,Cali,hogar,34.84
1085,128,2025-10-10,Medellin,electronica,867.87
1086,389,2025-05-17,Cali,hogar,181.81
1087,197,2025-09-05,Cali,ropa,54.64
1088,277,2025-11-18,Cali,libros,16.24
1089,356,2025-09-08,Bogota,ropa,169.62
1090,109,2025-07-09,Medellin,ropa,37.04
1091,394,2025-08-10,Cali,deportes,52.15
1092,367,2025-06-12,Medellin,mercado,42.35
1093,127,2025-03-06,Barranquilla,electronica,172.76
1094,195,2025-03-10,Medellin,ropa,60.09
1095,287,2025-12-27,Bogota,libros,85.4
1096,326,2025-06-13,Barranquilla,libros,22.26
1097,47,2025-03-25,Medellin,juguetes,54.75
1098,229,2025-08-19,Medellin,hogar,253.91
1099,383,2025-11-23,Cartagena,hogar,226.33
1100,249,2025-12-16,Bogota,ropa,8.25
1101,389,2025-03-25,Medellin,mercado,309.36
1102,168,2025-11-12,Cali,deportes,39.32
1103,211,2025-12-05,Medellin,hogar,387.0
1104,355,2025-11-21,Medellin,mercado,64.6
1105,91,2025-04-22,Medellin,mercado,47.62
1106,302,2025-12-14,Medellin,ropa,106.76
1107,299,2025-08-20,Barranquilla,mercado,10.65
1108,354,2025-04-21,Bogota,mercado,73.8
1109,363,2025-02-12,Medellin,mercado,27.45
1110,181,2025-04-26,Medellin,ropa,46.9
1111,138,2025-02-01,Medellin,electronica,149.65
1112,81,2025-12-13,Medellin,electronica,93.8
1113,155,2025-09-07,Barranquilla,ropa,172.54
1114,110,2025-05-20,Cali,hogar,58.4
1115,182,2025-01-06,Bogota,deportes,33.64
1116,20,2025-11-24,Bogota,juguetes,27.18
1117,358,2025-02-24,Bucaramanga,ropa,117.08
1118,265,2025-01-23,Bogota,mercado,10.95
1119,115,2025-12-08,Bogota,mercado,57.72
1120,50,2025-07-26,Bogota,ropa,60.84
1121,205,2025-09-21,Medellin,ropa,117.67
1122,115,2025-12-25,Bucaramanga,hogar,64.07
1123,148,2025-04-15,Medellin,electronica,123.6
1124,247,2025-05-01,Medellin,juguetes,14.21
1125,41,2025-11-26,Bogota,hogar,167.85
1126,360,2025-12-07,Medellin,electronica,24.12
1127,77,2025-07-12,Barranquilla,deportes,52.09
1128,123,2025-10-21,Barranquilla,mercado,121.46
1129,170,2025-03-04,Bogota,electronica,1150.91
1130,240,2025-03-03,Medellin,mercado,147.27
1131,217,2025-09-25,Bogota,hogar,99.01
1132,354,2025-05-02,Medellin,electronica,341.5
1133,383,2025-01-21,Pereira,libros,11.72
1134,169,2025-02-21,Barranquilla,electronica,198.65
1135,213,2025-09-22,Barranquilla,ropa,13.77
1136,304,2025-08-28,Medellin,mercado,104.96
1137,215,2025-07-15,Medellin,electronica,69.65
1138,210,2025-06-21,Medellin,hogar,54.03
1139,124,2025-12-09,Bogota,deportes,83.48
1140,217,2025-04-20,Medellin,electronica,141.7
1141,394,2025-04-10,Medellin,ropa,109.91
1142,184,2025-01-27,Bogota,electronica,849.8
1143,156,2025-10-15,Cali,ropa,29.68
1144,40,2025-07-07,Bogota,hogar,368.04
1145,192,2025-06-22,Bucaramanga,hogar,128.01
1146,139,2025-08-06,Cali,mercado,111.77
1147,15,2025-05-26,Barranquilla,mercado,98.16
1148,232,2025-02-13,Cali,hogar,50.74
1149,72,2025-06-19,Bogota,hogar,21.45
1150,223,2025-09-26,Bogota,deportes,159.84
1151,228,2025-09-01,Cali,mercado,55.74
1152,247,2025-08-01,Bogota,ropa,327.7
1153,120,2025-05-02,Medellin,juguetes,47.14
1154,268,2025-04-16,Pereira,ropa,8.38
1155,128,2025-12-05,Bogota,libros,10.81
1156,104,2025-09-15,Bogota,hogar,186.12
1157,284,2025-06-03,Cali,libros,100.73
1158,182,2025-05-10,Bogota,hogar,44.0
1159,37,2025-09-24,Cartagena,ropa,21.78
1160,54,2025-12-17,Bogota,mercado,40.55
1161,174,2025-11-22,Pereira,electronica,266.79
1162,321,2025-02-13,Barranquilla,mercado,69.25
1163,110,2025-09-14,Cartagena,hogar,164.86
1164,189,2025-01-14,Bogota,hogar,278.01
1165,381,2025-06-04,Medellin,mercado,184.77
1166,201,2025-08-20,Barranquilla,ropa,268.23
1167,172,2025-02-12,Bucaramanga,juguetes,30.89
1168,396,2025-02-02,Cali,electronica,773.1
1169,79,2025-05-26,Bogota,electronica,219.51
1170,60,2025-06-08,Medellin,electronica,241.58
1171,24,2025-10-17,Bogota,mercado,162.5
1172,221,2025-03-24,Bogota,libros,8.64
1173,305,2025-05-17,Cali,juguetes,81.5
1174,284,2025-08-13,Medellin,hogar,82.52
1175,362,2025-10-11,Bucaramanga,electronica,649.48
1176,363,2025-01-19,Medellin,hogar,21.72
1177,217,2025-04-21,Barranquilla,electronica,286.45
1178,169,2025-06-24,Medellin,libros,28.07
1179,72,2025-10-10,Cartagena,hogar,185.73
1180,201,2025-06-11,Bogota,mercado,45.38
1181,355,2025-04-01,Cali,mercado,9.38
1182,217,2025-03-26,Bogota,electronica,35.56
1183,168,2025-10-14,Cali,ropa,13.98
1184,19,2025-07-19,Bogota,mercado,16.03
1185,318,2025-04-23,Cali,electronica,281.34
1186,299,2025-10-17,Bucaramanga,mercado,275.44
1187,117,2025-06-24,Bucaramanga,ropa,173.57
1188,321,2025-11-11,Bogota,ropa,12.45
1189,398,2025-07-19,Barranquilla,libros,6.88
1190,327,2025-08-24,Cali,libros,8.21
1191,265,2025-06-28,Medellin,mercado,92.9
1192,99,2025-08-24,Pereira,ropa,30.82
1193,322,2025-07-14,Cartagena,ropa,10.43
1194,390,2025-05-15,Barranquilla,mercado,51.5
1195,288,2025-05-21,Pereira,electronica,252.15
1196,114,2025-02-27,Cali,electronica,13.73
1197,30,2025-12-18,Cartagena,deportes,16.91
1198,263,2025-05-11,Bogota,ropa,80.99
1199,198,2025-12-04,Bucaramanga,ropa,36.67
1200,277,2025-01-09,Bogota,mercado,37.88
1201,205,2025-07-15,Cali,electronica,219.54
1202,380,2025-05-01,Barranquilla,electronica,35.13
1203,216,2025-04-25,Medellin,electronica,425.64
1204,4,2025-11-22,Cali,mercado,25.55
1205,165,2025-12-04,Medellin,mercado,66.06
1206,226,2025-07-26,Bogota,electronica,947.36
1207,145,2025-07-06,Cali,mercado,56.64
1208,355,2025-06-26,Pereira,ropa,78.6
1209,330,2025-01-06,Cali,mercado,18.93
1210,362,2025-09-11,Medellin,libros,38.15
1211,321,2025-01-21,Medellin,mercado,71.66
1212,157,2025-12-01,Bogota,electronica,615.86
1213,308,2025-05-12,Medellin,mercado,39.94
1214,97,2025-07-15,Cali,deportes,49.12
1215,114,2025-02-07,Barranquilla,electronica,179.57
1216,108,2025-07-18,Bogota,electronica,330.76
1217,327,2025-08-12,Bogota,mercado,6.52
1218,297,2025-03-14,Bogota,libros,108.0
1219,266,2025-12-06,Medellin,mercado,24.45
1220,169,2025-09-08,Bogota,electronica,818.12
1221,167,2025-01-09,Bogota,mercado,135.97
1222,377,2025-09-04,Cali,mercado,47.39
1223,106,2025-10-12,Bogota,deportes,61.68
1224,389,2025-03-10,Bucaramanga,ropa,116.19
1225,236,2025-02-11,Bogota,electronica,415.4
1226,361,2025-07-28,Medellin,electronica,72.63
1227,93,2025-04-09,Cali,electronica,1368.03
1228,294,2025-10-14,Cartagena,juguetes,43.15
1229,232,2025-08-09,Cartagena,libros,15.71
1230,51,2025-12-25,Bogota,mercado,60.51
1231,98,2025-03-18,Barranquilla,libros,58.04
1232,240,2025-12-27,Medellin,ropa,481.62
1233,384,2025-10-22,Bogota,electronica,266.86
1234,167,2025-10-05,Bogota,mercado,43.97
1235,250,2025-05-23,Barranquilla,mercado,18.75
1236,94,2025-05-14,Cali,electronica,50.57
1237,253,2025-02-15,Barranquilla,hogar,13.52
1238,333,2025-05-23,Cali,mercado,97.88
1239,262,2025-09-21,Bogota,ropa,135.44
1240,43,2025-05-07,Bogota,electronica,222.01
1241,32,2025-05-15,Pereira,electronica,202.96
1242,211,2025-07-26,Cali,ropa,217.42
1243,315,2025-09-04,Medellin,mercado,49.05
1244,137,2025-01-10,Bucaramanga,hogar,292.1
1245,198,2025-08-13,Medellin,libros,14.96
1246,193,2025-06-19,Cartagena,electronica,163.53
1247,229,2025-12-25,Bogota,juguetes,8.69
1248,54,2025-12-02,Medellin,electronica,5.83
1249,3,2025-06-27,Pereira,libros,5.3
1250,192,2025-04-13,Medellin,ropa,46.03
1251,234,2025-07-19,Cartagena,hogar,62.71
1252,45,2025-12-12,Barranquilla,ropa,110.78
1253,316,2025-11-22,Cartagena,juguetes,34.44
1254,64,2025-05-09,Bogota,libros,21.11
1255,78,2025-06-03,Cartagena,mercado,238.19
1256,392,2025-01-09,Cartagena,hogar,457.13
1257,66,2025-10-20,Medellin,ropa,348.46
1258,179,2025-12-28,Bogota,deportes,16.24
1259,294,2025-11-14,Bogota,mercado,109.82
1260,117,2025-12-06,Bogota,hogar,116.52
1261,180,2025-07-21,Medellin,hogar,32.59
1262,120,2025-07-25,Bogota,hogar,59.51
1263,376,2025-10-07,Medellin,libros,16.91
1264,309,2025-01-05,Medellin,mercado,56.89
1265,245,2025-09-14,Medellin,deportes,149.23
1266,299,2025-01-12,Cali,hogar,87.74
1267,98,2025-03-26,Medellin,deportes,23.02
1268,201,2025-10-15,Barranquilla,libros,29.85
1269,377,2025-06-03,Bucaramanga,deportes,171.05
1270,194,2025-11-26,Medellin,electronica,952.82
1271,308,2025-11-09,Medellin,mercado,46.97
1272,229,2025-04-05,Medellin,ropa,113.91
1273,288,2025-01-02,Medellin,hogar,114.12
1274,33,2025-12-11,Bogota,ropa,55.29
1275,271,2025-07-15,Medellin,electronica,471.5
1276,156,2025-12-25,Pereira,electronica,123.59
1277,395,2025-04-21,Medellin,electronica,135.52
1278,91,2025-12-09,Pereira,libros,283.14
1279,175,2025-10-09,Medellin,ropa,100.63
1280,190,2025-07-15,Bogota,ropa,25.65
1281,274,2025-08-06,Pereira,deportes,492.08
1282,284,2025-06-16,Medellin,mercado,5.4
1283,66,2025-05-05,Pereira,mercado,34.38
1284,40,2025-02-24,Bogota,ropa,23.35
1285,346,2025-03-14,Bogota,deportes,52.8
1286,25,2025-10-13,Medellin,juguetes,14.35
1287,280,2025-09-05,Medellin,libros,16.09
1288,145,2025-10-02,Bogota,electronica,774.9
1289,54,2025-11-24,Cali,hogar,17.76
1290,71,2025-08-13,Bogota,ropa,28.48
1291,76,2025-07-08,Bogota,electronica,51.7
1292,338,2025-11-27,Pereira,deportes,12.89
1293,212,2025-06-06,Medellin,electronica,260.77
1294,205,2025-02-02,Bucaramanga,hogar,65.28
1295,285,2025-05-23,Medellin,electronica,143.52
1296,266,2025-06-06,Medellin,juguetes,22.47
1297,375,2025-11-15,Medellin,mercado,123.4
1298,262,2025-09-07,Bogota,ropa,188.12
1299,74,2025-11-08,Medellin,mercado,9.42
1300,94,2025-02-27,Pereira,hogar,67.97
1301,395,2025-08-11,Bogota,deportes,47.43
1302,351,2025-01-04,Bogota,ropa,63.23
1303,224,2025-10-03,Bogota,ropa,247.9
1304,41,2025-06-06,Bogota,mercado,91.22
1305,136,2025-12-04,Barranquilla,mercado,161.96
1306,95,2025-01-23,Cali,mercado,16.25
1307,366,2025-02-02,Bogota,ropa,33.5
1308,167,2025-02-11,Medellin,mercado,11.51
1309,303,2025-06-13,Medellin,deportes,196.19
1310,326,2025-02-17,Bogota,ropa,6.28
1311,29,2025-08-11,Pereira,electronica,289.21
1312,4,2025-02-01,Bucaramanga,electronica,125.32
1313,65,2025-02-17,Cali,ropa,63.82
1314,190,2025-06-15,Cali,mercado,46.11
1315,139,2025-10-23,Bogota,hogar,53.2
1316,333,2025-07-17,Bogota,ropa,5.19
1317,380,2025-12-08,Medellin,libros,24.84
1318,204,2025-03-28,Medellin,ropa,18.08
1319,318,2025-05-22,Medellin,mercado,12.99
1320,86,2025-09-10,Bogota,juguetes,37.47
1321,181,2025-04-10,Barranquilla,mercado,75.04
1322,116,2025-04-19,Bogota,juguetes,16.11
1323,294,2025-02-17,Cali,ropa,80.52
1324,246,2025-11-02,Bogota,electronica,384.78
1325,5,2025-03-28,Barranquilla,deportes,211.76
1326,50,2025-05-18,Bogota,electronica,116.82
1327,400,2025-12-26,Cali,mercado,224.07
1328,178,2025-06-18,Cali,hogar,5.96
1329,189,2025-08-10,Bucaramanga,mercado,43.06
1330,249,2025-06-17,Bogota,mercado,329.32
1331,14,2025-08-14,Cali,hogar,52.14
1332,160,2025-09-10,Medellin,electronica,301.59
1333,219,2025-10-06,Medellin,electronica,76.01
1334,92,2025-05-24,Medellin,electronica,113.12
1335,267,2025-11-24,Cartagena,mercado,50.95
1336,342,2025-10-26,Cartagena,electronica,564.36
1337,309,2025-08-06,Medellin,mercado,62.31
1338,341,2025-06-02,Medellin,hogar,156.53
1339,178,2025-11-10,Cartagena,deportes,118.59
1340,141,2025-09-27,Medellin,ropa,41.54
1341,271,2025-02-04,Cali,electronica,346.1
1342,183,2025-11-25,Bucaramanga,mercado,50.29
1343,189,2025-10-22,Bogota,juguetes,74.56
1344,49,2025-06-17,Bogota,hogar,159.73
1345,363,2025-04-26,Bogota,electronica,344.61
1346,98,2025-06-03,Bogota,hogar,200.38
1347,38,2025-02-26,Cali,mercado,21.27
1348,334,2025-11-21,Cali,ropa,119.62
1349,57,2025-03-16,Bogota,hogar,191.9
1350,228,2025-08-12,Medellin,ropa,75.71
1351,259,2025-08-23,Bogota,libros,28.65
1352,236,2025-01-21,Bogota,electronica,165.25
1353,116,2025-08-01,Barranquilla,deportes,85.4
1354,391,2025-09-17,Medellin,electronica,470.71
1355,6,2025-05-11,Bogota,electronica,158.96
1356,324,2025-07-06,Medellin,hogar,181.89
1357,28,2025-10-21,Cali,ropa,490.75
1358,259,2025-07-22,Cali,ropa,148.91
1359,121,2025-11-11,Bucaramanga,hogar,10.38
1360,374,2025-10-17,Medellin,deportes,256.29
1361,47,2025-07-17,Medellin,electronica,158.05
1362,263,2025-10-23,Cali,electronica,78.33
1363,335,2025-09-19,Bogota,ropa,70.79
1364,281,2025-11-03,Bogota,hogar,20.84
1365,154,2025-01-21,Medellin,ropa,34.72
1366,216,2025-11-18,Medellin,electronica,471.83
1367,38,2025-02-21,Bogota,mercado,162.52
1368,373,2025-01-13,Bogota,electronica,798.97
1369,40,2025-01-10,Bogota,mercado,86.89
1370,374,2025-10-20,Cali,electronica,991.78
1371,212,2025-03-24,Bogota,ropa,464.68
1372,19,2025-02-01,Bucaramanga,hogar,47.77
1373,210,2025-03-18,Medellin,ropa,67.15
1374,390,2025-10-28,Pereira,electronica,29.22
1375,367,2025-11-08,Medellin,electronica,8.97
1376,326,2025-10-18,Bogota,libros,50.43
1377,126,2025-07-20,Bogota,ropa,193.45
1378,200,2025-06-27,Pereira,ropa,100.54
1379,270,2025-10-08,Bogota,libros,26.55
1380,28,2025-10-18,Bogota,ropa,65.8
1381,284,2025-08-20,Cali,electronica,270.88
1382,218,2025-12-06,Medellin,hogar,434.43
1383,5,2025-06-07,Bogota,deportes,18.8
1384,54,2025-04-07,Bogota,electronica,225.61
1385,46,2025-07-16,Bogota,hogar,337.59
1386,219,2025-06-02,Cali,deportes,39.36
1387,132,2025-03-28,Medellin,electronica,266.42
1388,31,2025-05-11,Medellin,mercado,56.19
1389,331,2025-08-11,Bogota,electronica,151.53
1390,163,2025-09-13,Bogota,hogar,23.09
1391,7,2025-09-03,Bogota,ropa,17.16
1392,50,2025-05-04,Cali,electronica,525.81
1393,133,2025-05-10,Medellin,ropa,172.89
1394,65,2025-07-14,Bogota,mercado,41.77
1395,144,2025-11-22,Cali,mercado,62.1
1396,36,2025-08-21,Bogota,deportes,126.8
1397,267,2025-07-01,Medellin,electronica,84.97
1398,252,2025-01-19,Barranquilla,ropa,65.76
1399,157,2025-03-01,Cali,mercado,80.19
1400,224,2025-08-02,Bogota,deportes,30.55
1401,383,2025-11-15,Bogota,hogar,200.0
1402,100,2025-02-18,Medellin,electronica,479.48
1403,233,2025-03-14,Bogota,libros,46.37
1404,187,2025-12-13,Bucaramanga,ropa,44.66
1405,133,2025-04-22,Bogota,mercado,98.41
1406,183,2025-04-04,Medellin,mercado,6.67
1407,27,2025-02-15,Barranquilla,ropa,31.05
1408,135,2025-07-18,Barranquilla,deportes,163.32
1409,207,2025-10-13,Medellin,hogar,11.62
1410,72,2025-03-14,Cartagena,hogar,12.78
1411,126,2025-09-07,Bogota,mercado,13.76
1412,194,2025-04-05,Cali,ropa,59.59
1413,342,2025-11-14,Cali,mercado,97.09
1414,51,2025-09-06,Medellin,ropa,133.76
1415,394,2025-01-17,Medellin,ropa,48.51
1416,70,2025-09-19,Bogota,ropa,62.33
1417,332,2025-03-08,Medellin,ropa,48.67
1418,186,2025-01-17,Cali,hogar,304.81
1419,159,2025-09-01,Medellin,hogar,30.94
1420,41,2025-07-02,Medellin,mercado,72.72
1421,319,2025-01-01,Medellin,ropa,214.46
1422,222,2025-12-14,Medellin,ropa,60.33
1423,23,2025-10-11,Bogota,electronica,162.31
1424,45,2025-10-06,Cali,mercado,140.27
1425,82,2025-05-07,Barranquilla,ropa,55.36
1426,173,2025-02-18,Medellin,ropa,43.45
1427,113,2025-06-24,Cartagena,deportes,29.67
1428,294,2025-04-20,Medellin,hogar,12.23
1429,27,2025-11-16,Bogota,libros,24.08
1430,117,2025-05-22,Barranquilla,electronica,83.9
1431,327,2025-12-07,Bogota,electronica,240.31
1432,3,2025-10-10,Medellin,ropa,93.73
1433,41,2025-04-01,Medellin,electronica,156.47
1434,94,2025-04-26,Cali,deportes,16.74
1435,220,2025-09-21,Cartagena,electronica,34.74
1436,390,2025-05-11,Medellin,juguetes,7.41
1437,343,2025-06-06,Cartagena,hogar,39.49
1438,389,2025-09-16,Medellin,electronica,278.49
1439,347,2025-02-01,Cartagena,electronica,998.38
1440,86,2025-08-07,Bogota,electronica,206.87
1441,160,2025-07-17,Medellin,mercado,66.88
1442,345,2025-07-20,Cartagena,mercado,118.84
1443,62,2025-01-11,Cartagena,deportes,91.52
1444,192,2025-10-18,Barranquilla,deportes,44.39
1445,255,2025-02-16,Cartagena,electronica,83.55
1446,252,2025-12-27,Bogota,electronica,345.41
1447,19,2025-01-19,Bogota,mercado,39.66
1448,335,2025-04-21,Bogota,mercado,76.62
1449,390,2025-11-16,Medellin,mercado,33.69
1450,284,2025-06-06,Bogota,ropa,20.68
1451,390,2025-01-07,Medellin,electronica,28.45
1452,327,2025-09-03,Cali,ropa,41.54
1453,20,2025-02-23,Barranquilla,electronica,412.15
1454,355,2025-10-24,Medellin,deportes,137.38
1455,353,2025-04-11,Cali,electronica,145.19
1456,178,2025-12-15,Medellin,deportes,16.7
1457,165,2025-02-10,Medellin,mercado,13.65
1458,347,2025-05-14,Bogota,deportes,531.75
1459,2,2025-08-24,Cartagena,deportes,220.79
1460,333,2025-07-03,Medellin,ropa,13.14
1461,319,2025-07-22,Bogota,electronica,520.32
1462,98,2025-01-09,Bogota,electronica,406.87
1463,174,2025-06-13,Bogota,electronica,258.78
1464,35,2025-02-06,Bucaramanga,electronica,560.33
1465,372,2025-05-21,Bucaramanga,electronica,917.71
1466,111,2025-12-14,Cali,electronica,199.23
1467,197,2025-08-27,Cartagena,mercado,168.29
1468,105,2025-03-02,Cali,hogar,246.8
1469,234,2025-02-07,Bucaramanga,electronica,53.46
1470,98,2025-05-03,Bogota,electronica,27.35
1471,345,2025-02-27,Bucaramanga,juguetes,8.5
1472,220,2025-02-16,Cali,electronica,282.11
1473,216,2025-12-01,Cartagena,hogar,57.22
1474,118,2025-07-05,Cali,ropa,64.85
1475,338,2025-09-14,Barranquilla,ropa,58.91
1476,249,2025-09-04,Barranquilla,mercado,15.36
1477,354,2025-01-10,Medellin,ropa,127.21
1478,139,2025-03-11,Bogota,hogar,84.38
1479,344,2025-08-19,Cartagena,mercado,18.69
1480,299,2025-02-27,Cali,mercado,121.61
1481,175,2025-12-02,Medellin,mercado,50.97
1482,166,2025-01-07,Medellin,electronica,102.18
1483,2,2025-12-16,Barranquilla,mercado,94.38
1484,55,2025-04-23,Pereira,libros,14.71
1485,382,2025-04-07,Cali,juguetes,23.79
1486,398,2025-06-20,Pereira,electronica,182.74
1487,351,2025-01-20,Medellin,mercado,40.18
1488,97,2025-01-18,Bogota,hogar,13.81
1489,147,2025-06-08,Bogota,juguetes,84.5
1490,362,2025-08-26,Bogota,deportes,119.15
1491,383,2025-06-13,Barranquilla,ropa,181.12
1492,126,2025-06-24,Cali,electronica,485.95
1493,382,2025-08-25,Cali,electronica,93.87
1494,216,2025-02-14,Medellin,deportes,56.08
1495,207,2025-01-06,Cartagena,electronica,392.58
1496,110,2025-07-04,Medellin,deportes,164.72
1497,87,2025-08-14,Cali,electronica,742.7
1498,395,2025-03-20,Bogota,juguetes,40.24
1499,20,2025-07-16,Cali,hogar,131.86
1500,132,2025-03-14,Barranquilla,mercado,16.81
1501,353,2025-03-07,Medellin,electronica,348.01
1502,343,2025-05-21,Medellin,deportes,36.86
1503,206,2025-05-15,Medellin,hogar,149.95
1504,65,2025-10-05,Bogota,ropa,41.98
1505,123,2025-11-05,Medellin,electronica,144.99
1506,316,2025-06-11,Bogota,hogar,136.91
1507,375,2025-04-05,Bogota,electronica,526.58
1508,75,2025-04-04,Bogota,ropa,56.8
1509,60,2025-04-22,Bogota,ropa,244.7
1510,284,2025-09-13,Medellin,hogar,179.3
1511,379,2025-07-05,Cali,hogar,13.03
1512,20,2025-01-18,Cali,deportes,27.13
1513,134,2025-11-28,Cali,deportes,119.15
1514,196,2025-05-22,Bucaramanga,electronica,228.99
1515,38,2025-07-19,Bogota,mercado,14.15
1516,297,2025-02-18,Medellin,hogar,149.15
1517,388,2025-04-19,Pereira,mercado,5.2
1518,230,2025-01-10,Bucaramanga,electronica,88.35
1519,169,2025-11-21,Medellin,electronica,11.37
1520,373,2025-12-21,Bogota,electronica,241.38
1521,332,2025-04-10,Barranquilla,hogar,52.35
1522,381,2025-06-26,Bogota,hogar,99.59
1523,357,2025-02-08,Bogota,mercado,73.64
1524,25,2025-04-18,Barranquilla,mercado,23.14
1525,185,2025-07-03,Medellin,mercado,60.28
1526,209,2025-03-06,Bogota,deportes,170.47
1527,121,2025-11-14,Bogota,electronica,247.36
1528,21,2025-11-15,Medellin,deportes,105.97
1529,311,2025-10-23,Medellin,hogar,41.84
1530,303,2025-12-06,Medellin,mercado,134.45
1531,365,2025-12-13,Bogota,electronica,153.27
1532,309,2025-05-12,Cali,hogar,30.01
1533,304,2025-08-11,Medellin,ropa,131.02
1534,30,2025-04-02,Pereira,deportes,51.3
1535,360,2025-09-27,Cali,juguetes,88.58
1536,193,2025-02-01,Bogota,libros,121.66
1537,123,2025-01-04,Medellin,hogar,71.53
1538,230,2025-12-17,Bogota,hogar,232.39
1539,312,2025-01-01,Medellin,juguetes,20.48
1540,101,2025-03-27,Medellin,hogar,177.75
1541,300,2025-02-25,Cali,electronica,71.15
1542,69,2025-03-20,Medellin,ropa,21.68
1543,273,2025-06-19,Medellin,ropa,41.47
1544,354,2025-09-12,Bogota,juguetes,30.22
1545,76,2025-11-12,Medellin,deportes,27.79
1546,279,2025-01-26,Medellin,libros,14.44
1547,79,2025-10-16,Bogota,mercado,11.33
1548,367,2025-09-12,Bogota,juguetes,39.62
1549,178,2025-02-01,Medellin,libros,22.38
1550,222,2025-03-23,Bogota,mercado,308.79
1551,228,2025-04-10,Medellin,deportes,90.32
1552,70,2025-10-02,Medellin,libros,15.15
1553,171,2025-02-25,Barranquilla,mercado,209.23
1554,49,2025-02-06,Medellin,ropa,187.15
1555,23,2025-03-20,Bogota,hogar,57.47
1556,121,2025-04-15,Cali,mercado,20.92
1557,128,2025-12-21,Medellin,electronica,111.08
1558,14,2025-08-21,Cartagena,ropa,397.3
1559,285,2025-10-05,Medellin,electronica,521.4
1560,11,2025-04-08,Bogota,electronica,27.71
1561,46,2025-04-05,Bogota,mercado,56.33
1562,60,2025-04-09,Medellin,deportes,21.26
1563,221,2025-04-06,Medellin,juguetes,25.82
1564,209,2025-11-17,Bogota,electronica,231.1
1565,258,2025-08-13,Bogota,mercado,130.45
1566,329,2025-03-21,Bucaramanga,electronica,247.86
1567,302,2025-02-25,Medellin,ropa,315.33
1568,216,2025-06-13,Medellin,ropa,147.84
1569,310,2025-01-15,Bogota,electronica,180.34
1570,275,2025-04-03,Cali,electronica,286.96
1571,197,2025-04-12,Medellin,libros,10.13
1572,276,2025-05-18,Bogota,hogar,254.48
1573,209,2025-02-10,Cartagena,electronica,961.3
1574,12,2025-10-17,Cali,electronica,611.21
1575,255,2025-10-26,Medellin,electronica,14.0
1576,170,2025-11-06,Bucaramanga,mercado,134.31
1577,307,2025-05-14,Cali,ropa,92.78
1578,28,2025-11-09,Cali,ropa,63.31
1579,383,2025-05-24,Bucaramanga,mercado,74.22
1580,41,2025-03-03,Bogota,electronica,71.98
1581,359,2025-02-15,Barranquilla,mercado,61.9
1582,188,2025-05-16,Bucaramanga,electronica,299.22
1583,300,2025-11-27,Bogota,electronica,31.11
1584,133,2025-07-21,Medellin,electronica,220.11
1585,195,2025-10-28,Cartagena,ropa,139.87
1586,61,2025-05-20,Bucaramanga,hogar,93.52
1587,180,2025-07-06,Bucaramanga,electronica,1127.19
1588,189,2025-02-11,Barranquilla,deportes,39.91
1589,52,2025-01-06,Bogota,electronica,50.14
1590,352,2025-05-26,Pereira,electronica,965.97
1591,279,2025-03-11,Bogota,deportes,72.55
1592,369,2025-03-26,Bogota,ropa,23.26
1593,43,2025-12-01,Barranquilla,mercado,7.19
1594,149,2025-06-17,Cali,hogar,211.97
1595,107,2025-05-25,Cartagena,electronica,75.08
1596,282,2025-01-16,Barranquilla,electronica,402.67
1597,232,2025-09-06,Bucaramanga,juguetes,8.36
1598,281,2025-07-25,Bogota,juguetes,13.33
1599,336,2025-11-13,Medellin,juguetes,5.07
1600,97,2025-03-16,Cali,ropa,55.86
1601,309,2025-05-16,Cali,electronica,222.0
1602,223,2025-04-12,Barranquilla,libros,89.79
1603,393,2025-04-19,Bogota,hogar,16.87
1604,338,2025-08-07,Bogota,hogar,101.13
1605,389,2025-10-06,Bogota,electronica,391.21
1606,399,2025-08-08,Cali,electronica,169.93
1607,155,2025-07-24,Cali,electronica,377.66
1608,212,2025-09-10,Barranquilla,mercado,44.59
1609,181,2025-04-24,Bogota,electronica,172.63
1610,20,2025-01-27,Medellin,hogar,23.87
1611,5,2025-07-16,Barranquilla,mercado,32.8
1612,28,2025-09-19,Cartagena,electronica,155.79
1613,190,2025-03-12,Cali,electronica,25.48
1614,54,2025-08-24,Bogota,ropa,222.59
1615,298,2025-10-16,Bogota,hogar,295.67
1616,96,2025-01-23,Bogota,libros,17.45
1617,133,2025-04-20,Medellin,hogar,218.8
1618,175,2025-12-04,Pereira,electronica,357.03
1619,192,2025-01-08,Cali,electronica,119.54
1620,399,2025-05-17,Bucaramanga,electronica,211.23
1621,300,2025-07-26,Bogota,libros,75.64
1622,150,2025-02-15,Medellin,electronica,45.66
1623,332,2025-07-24,Cali,ropa,229.59
1624,352,2025-04-10,Bogota,electronica,165.93
1625,35,2025-01-03,Bogota,ropa,35.45
1626,386,2025-06-07,Bogota,juguetes,121.81
1627,235,2025-06-27,Medellin,electronica,109.59
1628,36,2025-10-12,Cali,libros,24.78
1629,282,2025-06-11,Cartagena,ropa,16.07
1630,68,2025-10-05,Cali,hogar,75.7
1631,168,2025-07-17,Barranquilla,electronica,280.62
1632,94,2025-03-23,Medellin,deportes,152.11
1633,354,2025-05-22,Medellin,ropa,68.46
1634,166,2025-09-13,Medellin,deportes,151.1
1635,210,2025-03-10,Medellin,electronica,170.87
1636,293,2025-09-21,Bogota,hogar,334.73
1637,344,2025-08-16,Medellin,mercado,58.9
1638,394,2025-12-12,Cali,juguetes,119.51
1639,145,2025-01-21,Medellin,ropa,50.61
1640,336,2025-06-01,Medellin,electronica,11.65
1641,213,2025-02-24,Bogota,electronica,540.64
1642,267,2025-12-27,Bucaramanga,ropa,35.12
1643,71,2025-08-24,Bogota,ropa,171.26
1644,300,2025-04-21,Cali,ropa,38.22
1645,229,2025-09-02,Medellin,electronica,112.59
1646,25,2025-01-25,Barranquilla,electronica,112.49
1647,222,2025-05-26,Medellin,electronica,127.71
1648,13,2025-12-06,Bucaramanga,electronica,124.23
1649,372,2025-07-23,Bogota,ropa,51.14
1650,234,2025-08-06,Bogota,mercado,65.11
1651,132,2025-12-25,Medellin,ropa,68.14
1652,397,2025-11-12,Barranquilla,electronica,31.11
1653,288,2025-09-09,Bogota,electronica,12.71
1654,138,2025-03-20,Bogota,electronica,43.14
1655,230,2025-10-23,Bucaramanga,deportes,24.56
1656,166,2025-02-28,Medellin,electronica,75.82
1657,70,2025-06-04,Bogota,hogar,69.57
1658,275,2025-08-26,Bogota,ropa,73.18
1659,251,2025-07-08,Medellin,hogar,285.75
1660,125,2025-03-27,Medellin,ropa,99.86
1661,31,2025-07-15,Bucaramanga,electronica,127.67
1662,152,2025-05-20,Medellin,libros,52.86
1663,369,2025-01-16,Cali,juguetes,40.45
1664,82,2025-02-23,Bogota,ropa,25.31
1665,77,2025-06-01,Medellin,electronica,757.39
1666,194,2025-08-10,Medellin,electronica,155.17
1667,379,2025-02-09,Pereira,mercado,118.52
1668,218,2025-04-28,Medellin,ropa,27.88
1669,141,2025-11-11,Bogota,ropa,109.69
1670,239,2025-06-27,Medellin,juguetes,8.77
1671,187,2025-03-15,Medellin,hogar,117.9
1672,180,2025-07-08,Barranquilla,ropa,65.39
1673,360,2025-04-08,Medellin,mercado,79.13
1674,305,2025-05-11,Barranquilla,mercado,62.39
1675,389,2025-10-04,Bogota,ropa,86.5
1676,142,2025-06-21,Bogota,juguetes,54.65
1677,160,2025-05-13,Bogota,mercado,68.95
1678,328,2025-06-25,Cartagena,juguetes,31.18
1679,140,2025-11-22,Barranquilla,libros,33.59
1680,117,2025-08-05,Medellin,hogar,92.25
1681,208,2025-10-14,Medellin,hogar,270.45
1682,98,2025-03-02,Bogota,electronica,84.73
1683,160,2025-02-07,Cali,electronica,153.66
1684,260,2025-03-19,Bogota,hogar,59.52
1685,39,2025-03-18,Bogota,mercado,9.31
1686,114,2025-02-06,Bogota,ropa,187.99
1687,238,2025-06-09,Medellin,ropa,233.16
1688,294,2025-05-23,Medellin,deportes,223.04
1689,117,2025-01-13,Cali,ropa,63.41
1690,156,2025-10-27,Medellin,hogar,45.36
1691,55,2025-09-10,Barranquilla,hogar,124.14
1692,151,2025-10-27,Cali,electronica,107.86
1693,94,2025-04-03,Medellin,ropa,29.89
1694,193,2025-12-19,Pereira,mercado,10.95
1695,208,2025-08-14,Medellin,mercado,186.61
1696,203,2025-12-02,Cali,ropa,36.25
1697,13,2025-12-06,Bogota,mercado,143.16
1698,121,2025-05-11,Cali,electronica,417.49
1699,139,2025-07-12,Pereira,mercado,73.61
1700,64,2025-01-20,Cali,electronica,610.94
1701,345,2025-01-08,Medellin,juguetes,12.68
1702,18,2025-06-08,Bogota,hogar,128.02
1703,366,2025-09-11,Bucaramanga,electronica,599.6
1704,316,2025-05-13,Bogota,electronica,208.87
1705,307,2025-11-12,Bogota,juguetes,112.66
1706,159,2025-03-02,Bogota,electronica,54.6
1707,164,2025-02-07,Cali,ropa,22.92
1708,324,2025-06-09,Bogota,ropa,21.64
1709,312,2025-12-07,Medellin,mercado,13.65
1710,78,2025-01-04,Medellin,hogar,33.17
1711,227,2025-07-27,Bogota,electronica,439.81
1712,190,2025-06-21,Cartagena,electronica,586.1
1713,71,2025-08-28,Bogota,hogar,105.02
1714,369,2025-11-12,Barranquilla,electronica,337.73
1715,311,2025-06-21,Cartagena,deportes,12.77
1716,151,2025-09-14,Medellin,libros,33.87
1717,148,2025-11-01,Bogota,mercado,15.99
1718,239,2025-07-25,Bogota,hogar,127.97
1719,166,2025-06-08,Cartagena,hogar,30.25
1720,296,2025-06-09,Cali,mercado,8.52
1721,181,2025-05-03,Bogota,ropa,195.58
1722,131,2025-10-08,Bogota,electronica,503.4
1723,370,2025-12-14,Medellin,mercado,19.43
1724,186,2025-01-09,Medellin,ropa,5.66
1725,103,2025-12-13,Cali,ropa,29.07
1726,172,2025-04-18,Bogota,electronica,566.47
1727,59,2025-02-08,Barranquilla,ropa,168.8
1728,139,2025-04-06,Cali,ropa,243.59
1729,247,2025-12-12,Medellin,hogar,24.02
1730,97,2025-08-13,Bogota,hogar,58.86
1731,174,2025-05-16,Barranquilla,juguetes,144.02
1732,140,2025-08-14,Bogota,ropa,148.72
1733,4,2025-07-18,Bogota,ropa,82.63
1734,64,2025-09-19,Bogota,juguetes,33.7
1735,134,2025-09-08,Cali,deportes,80.57
1736,86,2025-03-26,Cartagena,deportes,46.94
1737,140,2025-01-07,Bogota,electronica,191.84
1738,166,2025-12-04,Bogota,ropa,9.32
1739,284,2025-01-22,Medellin,juguetes,27.92
1740,135,2025-06-19,Medellin,mercado,48.72
1741,345,2025-08-14,Bogota,mercado,78.22
1742,300,2025-07-12,Cali,electronica,416.21
1743,77,2025-09-25,Bogota,electronica,635.1
1744,194,2025-12-13,Medellin,hogar,21.41
1745,385,2025-01-06,Barranquilla,mercado,71.57
1746,142,2025-08-15,Bogota,ropa,229.45
1747,218,2025-06-05,Cali,ropa,11.12
1748,376,2025-09-10,Bogota,mercado,6.79
1749,366,2025-11-07,Cali,electronica,113.66
1750,139,2025-01-10,Medellin,libros,36.09
1751,319,2025-12-02,Bogota,hogar,188.27
1752,285,2025-11-28,Bogota,mercado,117.01
1753,399,2025-08-12,Bogota,electronica,353.5
1754,94,2025-03-11,Bogota,electronica,214.81
1755,307,2025-08-26,Bogota,mercado,94.22
1756,314,2025-01-05,Cali,hogar,163.4
1757,7,2025-06-03,Bogota,ropa,15.96
1758,30,2025-06-01,Medellin,juguetes,54.9
1759,318,2025-05-06,Bogota,hogar,10.9
1760,134,2025-05-08,Medellin,mercado,58.69
1761,97,2025-08-03,Bogota,ropa,178.3
1762,28,2025-08-23,Medellin,mercado,38.62
1763,157,2025-06-21,Bogota,electronica,33.45
1764,85,2025-08-17,Bogota,hogar,157.89
1765,347,2025-04-14,Bogota,ropa,79.34
1766,31,2025-05-02,Cali,electronica,103.25
1767,237,2025-02-02,Cali,mercado,16.57
1768,248,2025-11-03,Medellin,electronica,78.78
1769,71,2025-10-02,Medellin,electronica,179.15
1770,181,2025-01-28,Barranquilla,electronica,69.1
1771,245,2025-10-04,Medellin,juguetes,16.56
1772,306,2025-03-27,Bogota,ropa,188.25
1773,172,2025-09-18,Bucaramanga,ropa,59.33
1774,354,2025-11-24,Medellin,ropa,451.39
1775,158,2025-11-14,Barranquilla,hogar,180.87
1776,88,2025-10-05,Medellin,deportes,21.21
1777,159,2025-02-12,Bucaramanga,mercado,17.24
1778,311,2025-11-16,Cali,electronica,127.72
1779,207,2025-03-07,Bogota,juguetes,37.32
1780,266,2025-11-23,Medellin,hogar,78.77
1781,13,2025-08-11,Bogota,hogar,45.38
1782,157,2025-07-21,Cali,electronica,703.05
1783,50,2025-12-15,Pereira,electronica,1702.7
1784,261,2025-02-12,Medellin,ropa,27.67
1785,273,2025-08-10,Bogota,mercado,34.15
1786,393,2025-11-19,Medellin,hogar,195.46
1787,109,2025-05-09,Medellin,electronica,57.5
1788,109,2025-01-02,Bogota,mercado,91.57
1789,54,2025-09-19,Medellin,mercado,10.16
1790,317,2025-07-11,Cali,ropa,130.71
1791,150,2025-05-25,Cali,mercado,24.9
1792,374,2025-03-21,Cali,mercado,30.23
1793,217,2025-11-15,Cali,electronica,346.65
1794,49,2025-02-05,Cali,mercado,172.63
1795,10,2025-04-16,Medellin,ropa,38.01
1796,230,2025-08-27,Medellin,ropa,17.74
1797,35,2025-05-21,Medellin,juguetes,17.54
1798,4,2025-08-01,Bogota,libros,42.06
1799,399,2025-11-01,Bogota,deportes,11.89
1800,211,2025-03-01,Bogota,electronica,58.02
1801,238,2025-03-18,Medellin,hogar,270.37
1802,34,2025-02-26,Medellin,electronica,180.96
1803,20,2025-12-06,Bogota,electronica,310.14
1804,108,2025-07-19,Bogota,ropa,79.36
1805,34,2025-12-13,Bogota,libros,95.09
1806,292,2025-02-04,Barranquilla,mercado,46.95
1807,125,2025-07-07,Bogota,hogar,35.19
1808,385,2025-09-02,Bogota,mercado,9.96
1809,105,2025-04-02,Cali,mercado,23.51
1810,198,2025-04-28,Bogota,mercado,73.97
1811,215,2025-11-11,Cali,electronica,180.22
1812,4,2025-08-23,Cartagena,ropa,69.77
1813,297,2025-01-19,Cartagena,libros,17.83
1814,338,2025-01-15,Medellin,ropa,92.56
1815,320,2025-04-17,Cali,mercado,32.49
1816,190,2025-01-19,Cali,hogar,29.76
1817,14,2025-09-12,Barranquilla,ropa,134.46
1818,394,2025-10-07,Bogota,hogar,10.17
1819,174,2025-11-22,Barranquilla,ropa,29.49
1820,382,2025-04-18,Bogota,electronica,149.19
1821,163,2025-10-24,Medellin,electronica,246.68
1822,114,2025-09-27,Medellin,ropa,82.14
1823,340,2025-04-02,Bucaramanga,ropa,30.2
1824,3,2025-03-26,Bogota,electronica,460.15
1825,260,2025-11-24,Bogota,deportes,19.92
1826,45,2025-09-14,Bogota,ropa,85.02
1827,134,2025-07-24,Cali,ropa,58.29
1828,341,2025-02-19,Bogota,hogar,6.6
1829,24,2025-10-01,Pereira,mercado,77.79
1830,331,2025-01-26,Medellin,ropa,47.74
1831,254,2025-07-20,Bogota,mercado,39.89
1832,138,2025-05-01,Medellin,electronica,470.86
1833,199,2025-04-17,Bogota,hogar,57.64
1834,348,2025-01-03,Bogota,electronica,590.32
1835,194,2025-09-24,Bogota,mercado,110.72
1836,41,2025-05-18,Cartagena,electronica,494.44
1837,133,2025-08-13,Medellin,electronica,633.4
1838,327,2025-08-20,Medellin,ropa,180.97
1839,275,2025-09-23,Cartagena,deportes,88.26
1840,294,2025-01-24,Cali,hogar,44.87
1841,363,2025-08-11,Medellin,mercado,193.12
1842,248,2025-06-24,Bogota,juguetes,8.58
1843,132,2025-12-02,Bogota,electronica,106.61
1844,85,2025-02-02,Bogota,ropa,179.82
1845,219,2025-10-10,Bucaramanga,ropa,97.29
1846,69,2025-11-27,Medellin,deportes,263.04
1847,300,2025-10-26,Pereira,electronica,1051.91
1848,372,2025-09-02,Medellin,electronica,600.2
1849,110,2025-03-09,Medellin,mercado,178.03
1850,154,2025-12-20,Cali,electronica,622.79
1851,372,2025-10-08,Cali,juguetes,75.2
1852,314,2025-08-23,Bogota,hogar,11.16
1853,142,2025-06-05,Bogota,electronica,7.53
1854,47,2025-04-15,Bogota,juguetes,55.37
1855,225,2025-08-20,Barranquilla,mercado,5.34
1856,262,2025-09-14,Cali,hogar,99.64
1857,292,2025-12-12,Medellin,ropa,10.15
1858,139,2025-01-05,Cali,mercado,31.99
1859,382,2025-09-12,Cartagena,hogar,186.58
1860,397,2025-10-17,Bogota,ropa,13.5
1861,138,2025-08-17,Barranquilla,electronica,77.26
1862,228,2025-06-14,Cali,libros,64.48
1863,214,2025-05-28,Medellin,ropa,152.69
1864,44,2025-10-26,Cali,libros,36.68
1865,391,2025-10-19,Bucaramanga,hogar,11.04
1866,222,2025-07-14,Cali,hogar,98.2
1867,167,2025-11-28,Medellin,hogar,120.82
1868,32,2025-05-11,Medellin,libros,21.47
1869,319,2025-06-23,Bogota,electronica,98.39
1870,197,2025-02-12,Barranquilla,electronica,151.77
1871,240,2025-01-02,Cali,ropa,43.19
1872,244,2025-09-09,Bogota,deportes,131.99
1873,299,2025-06-26,Cali,mercado,5.1
1874,382,2025-12-12,Medellin,mercado,228.76
1875,377,2025-01-20,Bogota,electronica,360.89
1876,266,2025-04-27,Medellin,ropa,123.72
1877,173,2025-11-07,Medellin,electronica,1314.06
1878,242,2025-06-28,Cali,hogar,47.21
1879,139,2025-01-25,Cali,ropa,78.23
1880,163,2025-08-01,Medellin,electronica,169.78
1881,123,2025-07-10,Barranquilla,mercado,6.96
1882,64,2025-10-08,Barranquilla,electronica,31.44
1883,285,2025-04-01,Bogota,ropa,54.1
1884,49,2025-05-22,Bogota,libros,96.21
1885,83,2025-07-22,Medellin,mercado,13.66
1886,201,2025-05-05,Bogota,electronica,26.89
1887,6,2025-02-12,Cali,mercado,9.13
1888,367,2025-03-20,Bogota,ropa,19.78
1889,126,2025-08-02,Bogota,libros,156.93
1890,189,2025-12-12,Bogota,hogar,262.93
1891,173,2025-06-07,Medellin,mercado,63.84
1892,48,2025-01-13,Bogota,electronica,403.53
1893,177,2025-01-03,Medellin,deportes,334.27
1894,250,2025-07-11,Medellin,libros,91.38
1895,306,2025-10-11,Medellin,mercado,65.66
1896,139,2025-01-03,Bogota,hogar,41.19
1897,72,2025-07-01,Bogota,hogar,26.54
1898,222,2025-10-14,Cali,mercado,11.83
1899,120,2025-07-09,Bogota,mercado,248.4
1900,25,2025-07-12,Bogota,electronica,29.54
1901,198,2025-01-11,Medellin,ropa,26.96
1902,90,2025-02-03,Medellin,hogar,105.37
1903,78,2025-10-18,Medellin,mercado,57.12
1904,80,2025-03-09,Bogota,hogar,12.44
1905,49,2025-07-26,Cali,ropa,41.96
1906,375,2025-10-14,Bogota,electronica,549.63
1907,186,2025-04-16,Barranquilla,ropa,81.1
1908,38,2025-10-11,Pereira,mercado,29.35
1909,39,2025-01-08,Bogota,mercado,89.13
1910,229,2025-08-18,Cali,electronica,15.71
1911,68,2025-12-16,Medellin,mercado,14.01
1912,303,2025-01-01,Bogota,ropa,351.51
1913,374,2025-01-06,Medellin,electronica,8.07
1914,156,2025-05-04,Bucaramanga,ropa,210.48
1915,279,2025-04-21,Medellin,libros,53.73
1916,203,2025-12-03,Bucaramanga,ropa,20.75
1917,60,2025-07-24,Medellin,electronica,57.11
1918,96,2025-08-05,Cali,electronica,570.05
1919,304,2025-02-26,Bogota,libros,7.39
1920,122,2025-01-26,Barranquilla,hogar,38.57
1921,141,2025-04-17,Medellin,electronica,210.74
1922,105,2025-03-24,Medellin,mercado,15.25
1923,215,2025-07-03,Cali,ropa,29.65
1924,241,2025-08-08,Cali,hogar,18.0
1925,257,2025-06-24,Bogota,ropa,30.85
1926,367,2025-02-02,Medellin,electronica,516.7
1927,324,2025-04-04,Barranquilla,ropa,83.37
1928,176,2025-07-14,Bogota,ropa,173.98
1929,161,2025-05-18,Medellin,electronica,557.99
1930,288,2025-06-28,Bogota,libros,48.5
1931,340,2025-11-07,Pereira,hogar,290.54
1932,331,2025-03-10,Barranquilla,hogar,203.38
1933,153,2025-09-23,Cali,ropa,5.04
1934,120,2025-11-27,Cartagena,electronica,32.65
1935,231,2025-02-23,Bogota,hogar,15.02
1936,262,2025-10-09,Pereira,ropa,71.15
1937,375,2025-08-21,Medellin,electronica,228.57
1938,379,2025-11-06,Medellin,hogar,185.21
1939,342,2025-04-16,Cali,electronica,505.34
1940,266,2025-05-24,Cali,mercado,16.72
1941,83,2025-12-20,Bogota,hogar,50.97
1942,390,2025-10-22,Cali,ropa,10.0
1943,270,2025-11-03,Medellin,hogar,177.05
1944,111,2025-08-22,Medellin,deportes,59.43
1945,148,2025-04-11,Bucaramanga,hogar,55.09
1946,206,2025-10-14,Barranquilla,electronica,642.87
1947,279,2025-10-15,Medellin,electronica,811.94
1948,286,2025-10-16,Medellin,hogar,75.21
1949,59,2025-04-22,Bogota,electronica,379.63
1950,6,2025-11-03,Medellin,libros,133.62
1951,202,2025-07-01,Bogota,ropa,73.01
1952,224,2025-05-10,Bogota,mercado,23.3
1953,158,2025-08-06,Medellin,electronica,160.37
1954,142,2025-12-10,Bogota,deportes,167.74
1955,221,2025-10-25,Bogota,mercado,27.54
1956,121,2025-06-11,Cali,ropa,105.24
1957,257,2025-09-13,Cali,ropa,97.81
1958,212,2025-08-12,Cartagena,electronica,360.21
1959,389,2025-09-02,Barranquilla,electronica,631.93
1960,332,2025-08-01,Cali,hogar,99.5
1961,37,2025-02-25,Cali,electronica,269.05
1962,149,2025-01-08,Pereira,deportes,102.01
1963,322,2025-01-04,Cali,electronica,357.82
1964,135,2025-11-27,Medellin,mercado,161.34
1965,342,2025-03-25,Bogota,mercado,317.27
1966,129,2025-09-12,Medellin,juguetes,5.8
1967,129,2025-07-03,Cali,juguetes,20.97
1968,233,2025-12-08,Medellin,juguetes,77.95
1969,366,2025-03-14,Cali,hogar,50.68
1970,160,2025-09-23,Medellin,ropa,36.4
1971,78,2025-04-08,Cali,deportes,21.35
1972,319,2025-12-14,Medellin,electronica,164.36
1973,287,2025-02-08,Bogota,ropa,70.53
1974,39,2025-01-13,Bogota,mercado,73.3
1975,70,2025-09-15,Cali,hogar,54.72
1976,395,2025-05-09,Bogota,electronica,302.92
1977,29,2025-01-26,Medellin,electronica,49.02
1978,181,2025-02-24,Medellin,deportes,101.53
1979,275,2025-04-22,Bogota,electronica,278.87
1980,169,2025-07-26,Bogota,libros,80.54
1981,231,2025-12-13,Bucaramanga,electronica,311.66
1982,302,2025-10-16,Bucaramanga,deportes,103.73
1983,17,2025-11-06,Medellin,deportes,41.98
1984,311,2025-09-11,Cali,mercado,49.25
1985,287,2025-10-08,Bogota,mercado,101.52
1986,365,2025-12-10,Medellin,ropa,44.76
1987,305,2025-03-03,Bogota,juguetes,77.07
1988,303,2025-03-02,Medellin,mercado,45.4
1989,369,2025-04-13,Barranquilla,hogar,147.8
1990,83,2025-11-27,Cali,deportes,40.18
1991,40,2025-07-21,Bogota,electronica,402.06
1992,374,2025-07-26,Medellin,mercado,98.5
1993,372,2025-11-03,Pereira,libros,14.35
1994,168,2025-12-19,Bogota,ropa,27.44
1995,320,2025-03-05,Bogota,hogar,63.04
1996,288,2025-07-08,Medellin,mercado,91.28
1997,83,2025-01-25,Medellin,deportes,33.43
1998,96,2025-05-15,Barranquilla,mercado,15.45
1999,79,2025-12-25,Medellin,libros,86.46
2000,314,2025-11-23,Cali,electronica,167.15
2001,357,2025-02-12,Bogota,mercado,37.99
2002,101,2025-10-05,Pereira,electronica,47.41
2003,173,2025-03-13,Bogota,deportes,68.8
2004,70,2025-04-25,Bogota,electronica,156.53
2005,5,2025-12-09,Medellin,electronica,268.54
2006,194,2025-10-25,Cali,libros,75.25
2007,295,2025-03-02,Bogota,ropa,316.39
2008,171,2025-11-12,Medellin,electronica,705.63
2009,151,2025-07-18,Bogota,hogar,36.17
2010,237,2025-08-01,Barranquilla,mercado,59.84
2011,133,2025-05-18,Cartagena,electronica,206.39
2012,189,2025-07-20,Cali,ropa,15.66
2013,200,2025-09-16,Cartagena,deportes,120.26
2014,271,2025-11-12,Cali,hogar,35.24
2015,69,2025-06-26,Bogota,electronica,254.62
2016,253,2025-12-08,Bogota,ropa,67.89
2017,339,2025-12-10,Medellin,electronica,556.81
2018,80,2025-03-12,Medellin,libros,12.31
2019,87,2025-12-16,Bogota,electronica,493.65
2020,80,2025-11-27,Cali,ropa,68.66
2021,111,2025-03-17,Bogota,libros,152.55
2022,186,2025-05-23,Bogota,ropa,86.51
2023,48,2025-01-19,Medellin,hogar,421.69
2024,117,2025-03-23,Bogota,juguetes,14.33
2025,307,2025-09-14,Medellin,hogar,29.37
2026,36,2025-09-22,Bogota,electronica,1145.78
2027,184,2025-10-01,Medellin,mercado,83.55
2028,30,2025-07-04,Cartagena,libros,10.47
2029,47,2025-09-12,Medellin,mercado,126.66
2030,315,2025-03-17,Cali,ropa,43.59
2031,195,2025-01-04,Medellin,hogar,146.3
2032,54,2025-06-03,Bogota,mercado,12.09
2033,130,2025-08-12,Medellin,deportes,282.27
2034,320,2025-06-06,Bogota,hogar,62.52
2035,118,2025-06-04,Cartagena,ropa,7.94
2036,109,2025-10-15,Bogota,mercado,143.57
2037,62,2025-05-14,Medellin,hogar,27.24
2038,85,2025-04-24,Barranquilla,libros,81.62
2039,380,2025-06-01,Medellin,ropa,13.7
2040,226,2025-04-15,Barranquilla,libros,23.12
2041,290,2025-10-04,Bogota,hogar,236.82
2042,361,2025-08-25,Bogota,deportes,19.91
2043,329,2025-06-10,Bucaramanga,juguetes,62.15
2044,394,2025-01-06,Bogota,deportes,58.17
2045,352,2025-03-05,Medellin,electronica,145.75
2046,273,2025-02-28,Bogota,ropa,20.35
2047,277,2025-08-16,Bogota,mercado,12.03
2048,400,2025-03-28,Bogota,ropa,88.68
2049,1,2025-07-04,Cartagena,mercado,14.39
2050,330,2025-09-22,Bucaramanga,electronica,71.59
2051,188,2025-03-07,Medellin,electronica,290.31
2052,213,2025-03-21,Medellin,libros,16.39
2053,330,2025-08-05,Medellin,ropa,263.54
2054,194,2025-03-17,Medellin,hogar,50.67
2055,227,2025-02-14,Medellin,ropa,85.38
2056,126,2025-02-01,Cali,electronica,834.41
2057,153,2025-02-07,Cali,electronica,180.17
2058,233,2025-06-16,Barranquilla,ropa,15.13
2059,239,2025-09-28,Cali,electronica,821.36
2060,12,2025-06-11,Bogota,hogar,157.2
2061,261,2025-11-27,Bogota,electronica,10.24
2062,269,2025-08-03,Barranquilla,ropa,103.47
2063,268,2025-07-14,Bogota,deportes,64.43
2064,153,2025-11-19,Cartagena,hogar,16.31
2065,319,2025-01-12,Bogota,libros,7.44
2066,109,2025-06-05,Bogota,ropa,68.93
2067,397,2025-06-09,Medellin,mercado,71.88
2068,269,2025-01-02,Bucaramanga,ropa,156.31
2069,155,2025-09-14,Cali,electronica,120.8
2070,112,2025-06-26,Medellin,mercado,65.7
2071,290,2025-06-01,Barranquilla,mercado,72.8
2072,21,2025-12-05,Cali,mercado,13.59
2073,3,2025-02-07,Bucaramanga,hogar,73.13
2074,315,2025-01-19,Bogota,hogar,147.16
2075,197,2025-01-27,Bogota,mercado,158.45
2076,154,2025-04-11,Cali,electronica,58.34
2077,201,2025-01-13,Barranquilla,ropa,125.37
2078,210,2025-07-20,Bogota,mercado,71.53
2079,328,2025-11-02,Pereira,mercado,26.97
2080,248,2025-03-18,Medellin,ropa,108.64
2081,330,2025-03-01,Medellin,mercado,88.49
2082,336,2025-10-20,Bogota,electronica,108.4
2083,342,2025-08-08,Medellin,electronica,20.28
2084,152,2025-08-12,Bucaramanga,mercado,12.86
2085,2,2025-07-11,Bogota,ropa,22.32
2086,396,2025-04-19,Medellin,electronica,408.63
2087,268,2025-04-16,Cali,ropa,75.44
2088,386,2025-09-24,Pereira,mercado,9.2
2089,242,2025-07-25,Cali,electronica,229.04
2090,160,2025-11-25,Bucaramanga,ropa,47.86
2091,350,2025-10-08,Bogota,mercado,136.9
2092,312,2025-04-02,Bucaramanga,ropa,7.88
2093,335,2025-09-27,Cali,juguetes,179.07
2094,348,2025-05-12,Bogota,electronica,401.29
2095,154,2025-05-07,Bogota,ropa,54.89
2096,172,2025-02-25,Medellin,mercado,51.99
2097,165,2025-08-16,Bogota,electronica,77.28
2098,368,2025-04-16,Bogota,hogar,149.32
2099,145,2025-02-25,Bogota,electronica,46.24
2100,99,2025-09-15,Bogota,electronica,105.1
2101,82,2025-12-07,Bogota,mercado,38.84
2102,262,2025-09-19,Bogota,mercado,29.05
2103,204,2025-04-17,Bogota,libros,97.29
2104,213,2025-12-10,Cali,electronica,96.53
2105,110,2025-08-06,Cartagena,hogar,62.08
2106,290,2025-05-19,Bogota,libros,13.18
2107,118,2025-06-23,Medellin,mercado,36.81
2108,239,2025-12-22,Bogota,libros,27.14
2109,132,2025-10-16,Medellin,mercado,24.37
2110,371,2025-08-26,Barranquilla,libros,5.22
2111,11,2025-02-22,Medellin,deportes,9.26
2112,304,2025-11-14,Barranquilla,deportes,141.66
2113,362,2025-12-14,Cartagena,ropa,29.45
2114,240,2025-11-09,Cali,electronica,91.78
2115,140,2025-11-10,Bogota,ropa,18.88
2116,113,2025-10-07,Pereira,ropa,44.53
2117,330,2025-03-23,Bogota,electronica,243.91
2118,254,2025-09-18,Bucaramanga,ropa,89.12
2119,226,2025-01-12,Barranquilla,electronica,692.04
2120,222,2025-01-15,Medellin,hogar,18.72
2121,129,2025-09-20,Cartagena,mercado,27.12
2122,96,2025-04-16,Bucaramanga,electronica,81.17
2123,33,2025-04-12,Medellin,ropa,56.51
2124,276,2025-05-03,Bogota,hogar,313.21
2125,267,2025-02-08,Bogota,mercado,75.43
2126,276,2025-07-21,Medellin,mercado,34.61
2127,387,2025-10-27,Cali,juguetes,15.91
2128,44,2025-01-01,Cali,electronica,69.99
2129,83,2025-04-05,Barranquilla,deportes,134.63
2130,1,2025-05-08,Barranquilla,ropa,88.83
2131,115,2025-10-26,Bogota,libros,12.23
2132,120,2025-05-01,Barranquilla,electronica,111.63
2133,67,2025-04-23,Bogota,deportes,12.5
2134,26,2025-08-13,Pereira,juguetes,22.51
2135,165,2025-09-07,Bogota,libros,154.78
2136,359,2025-11-25,Bucaramanga,mercado,49.33
2137,30,2025-01-06,Bogota,electronica,375.95
2138,216,2025-06-26,Bogota,deportes,226.75
2139,232,2025-12-16,Barranquilla,ropa,26.35
2140,243,2025-08-11,Cali,ropa,233.33
2141,130,2025-07-25,Medellin,electronica,190.37
2142,398,2025-10-12,Cali,mercado,24.59
2143,314,2025-03-15,Bogota,hogar,75.39
2144,24,2025-08-13,Bogota,mercado,64.4
2145,24,2025-06-26,Bogota,hogar,60.31
2146,116,2025-01-20,Bogota,electronica,351.64
2147,264,2025-05-26,Medellin,electronica,506.08
2148,388,2025-04-14,Bogota,ropa,33.8
2149,293,2025-05-25,Cali,juguetes,6.6
2150,175,2025-11-09,Medellin,ropa,406.12
2151,329,2025-11-25,Medellin,ropa,27.96
2152,222,2025-12-15,Bogota,libros,19.86
2153,374,2025-04-18,Medellin,ropa,16.31
2154,57,2025-09-22,Barranquilla,electronica,802.0
2155,66,2025-01-22,Bogota,electronica,274.66
2156,43,2025-06-23,Pereira,mercado,17.52
2157,261,2025-12-17,Cali,ropa,47.6
2158,286,2025-04-17,Barranquilla,hogar,143.03
2159,156,2025-05-14,Barranquilla,juguetes,79.65
2160,102,2025-09-16,Medellin,hogar,88.66
2161,273,2025-02-14,Medellin,ropa,21.29
2162,367,2025-04-04,Bogota,electronica,987.86
2163,307,2025-09-23,Cali,deportes,17.71
2164,12,2025-01-21,Bogota,mercado,57.83
2165,233,2025-10-14,Cali,mercado,71.29
2166,123,2025-08-10,Bogota,juguetes,20.86
2167,337,2025-04-12,Bogota,electronica,59.42
2168,70,2025-07-28,Medellin,mercado,76.9
2169,135,2025-12-17,Medellin,juguetes,85.89
2170,312,2025-09-01,Bogota,deportes,205.94
2171,109,2025-11-08,Cali,mercado,82.18
2172,74,2025-11-05,Bogota,electronica,35.25
2173,4,2025-01-01,Barranquilla,mercado,7.25
2174,235,2025-08-08,Barranquilla,libros,67.53
2175,230,2025-01-02,Medellin,electronica,374.47
2176,303,2025-08-16,Medellin,ropa,342.94
2177,386,2025-11-19,Medellin,hogar,153.39
2178,237,2025-07-28,Cali,deportes,55.58
2179,225,2025-06-16,Medellin,ropa,14.76
2180,325,2025-01-11,Bucaramanga,juguetes,165.99
2181,222,2025-12-22,Cali,deportes,143.74
2182,196,2025-02-24,Bogota,libros,181.79
2183,379,2025-07-10,Cali,ropa,5.96
2184,125,2025-05-12,Bucaramanga,juguetes,39.38
2185,205,2025-04-07,Bogota,hogar,362.37
2186,146,2025-09-12,Medellin,electronica,643.8
2187,50,2025-01-14,Cali,electronica,341.67
2188,323,2025-06-08,Cali,hogar,198.18
2189,276,2025-08-24,Medellin,ropa,42.9
2190,55,2025-08-26,Cali,libros,23.09
2191,172,2025-04-11,Medellin,mercado,68.8
2192,242,2025-09-24,Cali,mercado,18.34
2193,346,2025-01-08,Bogota,hogar,72.92
2194,324,2025-10-15,Bogota,hogar,167.94
2195,400,2025-07-17,Cali,deportes,14.25
2196,153,2025-12-18,Medellin,electronica,262.72
2197,301,2025-05-07,Medellin,electronica,46.22
2198,11,2025-05-10,Bogota,libros,13.15
2199,110,2025-12-19,Medellin,libros,18.33
2200,334,2025-12-25,Bucaramanga,electronica,510.14
2201,209,2025-11-22,Bogota,electronica,653.41
2202,270,2025-04-07,Bucaramanga,ropa,154.87
2203,225,2025-12-12,Medellin,ropa,76.37
2204,277,2025-07-03,Bogota,electronica,600.88
2205,291,2025-03-16,Bogota,ropa,406.71
2206,395,2025-06-24,Bogota,ropa,84.91
2207,253,2025-06-07,Medellin,deportes,135.32
2208,253,2025-10-24,Medellin,electronica,68.32
2209,332,2025-12-21,Bogota,electronica,528.96
2210,241,2025-04-23,Bogota,mercado,13.38
2211,260,2025-10-15,Medellin,hogar,163.16
2212,283,2025-02-13,Bucaramanga,mercado,93.01
2213,311,2025-12-24,Cali,mercado,28.04
2214,332,2025-01-01,Medellin,electronica,760.19
2215,318,2025-01-10,Medellin,hogar,14.78
2216,390,2025-01-04,Medellin,mercado,5.79
2217,48,2025-10-11,Bogota,ropa,9.75
2218,174,2025-08-13,Bucaramanga,mercado,138.59
2219,373,2025-08-04,Medellin,mercado,26.11
2220,149,2025-01-25,Barranquilla,electronica,121.95
2221,57,2025-10-05,Cartagena,mercado,12.08
2222,325,2025-03-10,Medellin,ropa,140.85
2223,278,2025-12-03,Bogota,electronica,632.77
2224,233,2025-08-03,Medellin,ropa,19.22
2225,379,2025-02-21,Cartagena,deportes,73.44
2226,97,2025-11-25,Medellin,libros,30.1
2227,206,2025-04-23,Bogota,ropa,73.86
2228,80,2025-12-14,Bogota,mercado,51.88
2229,191,2025-07-05,Bogota,ropa,198.59
2230,299,2025-10-14,Bogota,mercado,11.5
2231,275,2025-03-20,Cali,electronica,289.36
2232,139,2025-06-16,Medellin,mercado,103.68
2233,54,2025-09-19,Barranquilla,mercado,31.98
2234,323,2025-12-13,Cartagena,hogar,123.55
2235,178,2025-07-24,Bogota,ropa,92.24
2236,263,2025-03-21,Medellin,deportes,24.8
2237,392,2025-07-19,Medellin,ropa,208.9
2238,262,2025-04-10,Bogota,electronica,26.69
2239,304,2025-06-20,Bogota,electronica,165.43
2240,383,2025-03-07,Cartagena,mercado,57.46
2241,161,2025-01-15,Medellin,libros,7.18
2242,14,2025-11-11,Medellin,ropa,77.28
2243,124,2025-04-20,Bogota,mercado,52.52
2244,104,2025-02-06,Bogota,mercado,10.53
2245,26,2025-09-20,Medellin,mercado,58.29
2246,63,2025-11-09,Medellin,ropa,80.92
2247,71,2025-01-15,Bogota,mercado,19.77
2248,385,2025-10-12,Medellin,hogar,255.91
2249,361,2025-03-24,Bogota,electronica,57.41
2250,5,2025-11-08,Bogota,ropa,24.58
2251,29,2025-06-20,Cali,mercado,17.43
2252,348,2025-09-24,Bogota,electronica,581.24
2253,185,2025-06-10,Medellin,electronica,27.46
2254,187,2025-04-14,Cali,electronica,53.91
2255,311,2025-11-27,Bogota,ropa,200.94
2256,216,2025-05-08,Medellin,electronica,554.59
2257,383,2025-05-20,Cali,electronica,77.18
2258,64,2025-09-06,Cali,electronica,224.57
2259,225,2025-05-20,Bogota,ropa,105.12
2260,192,2025-11-17,Cali,hogar,144.62
2261,299,2025-12-25,Cartagena,ropa,33.87
2262,354,2025-02-13,Medellin,electronica,504.79
2263,112,2025-02-28,Medellin,electronica,84.94
2264,93,2025-11-19,Bogota,electronica,469.1
2265,15,2025-01-26,Bogota,hogar,196.03
2266,394,2025-08-17,Bogota,libros,44.07
2267,11,2025-07-02,Medellin,electronica,31.91
2268,122,2025-02-24,Medellin,deportes,50.87
2269,186,2025-04-11,Cali,deportes,253.25
2270,139,2025-11-25,Cali,libros,44.69
2271,94,2025-12-13,Medellin,hogar,342.62
2272,218,2025-09-07,Bogota,ropa,41.22
2273,138,2025-03-08,Cali,ropa,121.27
2274,320,2025-03-26,Medellin,mercado,62.87
2275,360,2025-05-28,Bogota,ropa,32.87
2276,25,2025-02-01,Medellin,electronica,38.11
2277,105,2025-12-11,Cali,hogar,38.14
2278,287,2025-02-16,Bogota,libros,30.57
2279,168,2025-11-21,Medellin,electronica,52.83
2280,206,2025-09-11,Bogota,electronica,393.58
2281,288,2025-04-13,Bogota,ropa,261.08
2282,317,2025-12-13,Barranquilla,deportes,170.8
2283,189,2025-05-16,Bogota,libros,15.69
2284,321,2025-08-22,Bogota,electronica,68.13
2285,287,2025-12-06,Medellin,mercado,39.99
2286,349,2025-05-14,Medellin,electronica,388.37
2287,142,2025-10-24,Bogota,ropa,183.82
2288,31,2025-05-16,Cali,deportes,140.23
2289,348,2025-02-05,Cartagena,ropa,131.88
2290,400,2025-06-09,Bogota,ropa,41.71
2291,297,2025-01-19,Bogota,hogar,36.97
2292,173,2025-09-25,Medellin,deportes,7.46
2293,225,2025-12-08,Bogota,libros,13.63
2294,384,2025-10-22,Bogota,ropa,32.44
2295,205,2025-04-07,Cali,electronica,389.03
2296,262,2025-01-23,Bogota,electronica,76.1
2297,342,2025-09-03,Bogota,juguetes,26.21
2298,65,2025-11-23,Barranquilla,ropa,132.55
2299,99,2025-02-11,Bogota,electronica,1175.52
2300,110,2025-08-27,Medellin,hogar,153.77
2301,140,2025-10-10,Cartagena,electronica,891.72
2302,102,2025-05-08,Bucaramanga,electronica,13.98
2303,279,2025-09-27,Barranquilla,juguetes,50.14
2304,162,2025-04-08,Cali,hogar,25.2
2305,122,2025-05-01,Medellin,ropa,65.43
2306,140,2025-07-01,Barranquilla,deportes,140.97
2307,239,2025-01-26,Bogota,deportes,319.23
2308,397,2025-09-06,Medellin,hogar,11.14
2309,273,2025-11-18,Bucaramanga,mercado,75.99
2310,227,2025-04-19,Barranquilla,electronica,224.7
2311,228,2025-02-24,Medellin,ropa,25.36
2312,22,2025-10-12,Bogota,libros,88.74
2313,248,2025-02-09,Bogota,mercado,11.14
2314,170,2025-06-17,Bogota,deportes,19.0
2315,232,2025-03-06,Bogota,ropa,188.68
2316,14,2025-11-26,Medellin,juguetes,72.62
2317,127,2025-09-19,Cali,electronica,294.64
2318,107,2025-06-22,Medellin,mercado,7.35
2319,4,2025-06-22,Barranquilla,mercado,48.1
2320,398,2025-04-15,Medellin,deportes,76.68
2321,244,2025-11-15,Medellin,deportes,7.75
2322,117,2025-03-08,Bogota,electronica,632.88
2323,80,2025-08-17,Medellin,hogar,138.58
2324,380,2025-03-17,Bogota,ropa,61.72
2325,240,2025-03-28,Barranquilla,libros,91.01
2326,324,2025-03-07,Cali,electronica,299.14
2327,186,2025-09-06,Bogota,mercado,109.79
2328,135,2025-05-09,Bogota,electronica,539.76
2329,328,2025-03-04,Bogota,hogar,103.43
2330,385,2025-10-13,Medellin,electronica,403.34
2331,162,2025-05-15,Medellin,electronica,446.76
2332,338,2025-05-18,Cali,ropa,47.42
2333,288,2025-06-22,Pereira,electronica,695.09
2334,4,2025-06-05,Medellin,ropa,140.87
2335,144,2025-12-06,Medellin,libros,32.15
2336,204,2025-05-19,Medellin,electronica,392.41
2337,288,2025-01-24,Bogota,juguetes,32.33
2338,119,2025-01-09,Cali,electronica,93.81
2339,362,2025-12-26,Medellin,mercado,6.65
2340,287,2025-06-03,Cali,ropa,121.15
2341,180,2025-09-23,Bogota,mercado,79.71
2342,62,2025-12-25,Barranquilla,mercado,141.82
2343,351,2025-05-13,Bucaramanga,electronica,960.97
2344,155,2025-12-12,Cali,electronica,602.0
2345,330,2025-11-09,Medellin,electronica,221.3
2346,139,2025-01-05,Medellin,hogar,621.92
2347,191,2025-10-16,Bogota,ropa,56.22
2348,297,2025-06-19,Medellin,deportes,71.15
2349,227,2025-02-28,Bogota,hogar,5.56
2350,328,2025-01-12,Bogota,electronica,22.55
2351,391,2025-11-07,Bogota,mercado,15.08
2352,169,2025-08-12,Cartagena,electronica,130.35
2353,144,2025-11-21,Cali,electronica,554.31
2354,229,2025-12-01,Cali,electronica,183.93
2355,198,2025-04-03,Cali,electronica,333.22
2356,17,2025-12-27,Bogota,ropa,41.76
2357,175,2025-02-28,Bogota,electronica,90.53
2358,205,2025-01-09,Cali,ropa,74.4
2359,12,2025-05-28,Medellin,libros,7.03
2360,276,2025-10-17,Barranquilla,hogar,109.22
2361,368,2025-09-16,Medellin,ropa,10.21
2362,229,2025-07-26,Barranquilla,ropa,34.67
2363,369,2025-02-02,Barranquilla,deportes,10.7
2364,173,2025-12-03,Bogota,ropa,91.76
2365,207,2025-04-16,Barranquilla,ropa,17.0
2366,198,2025-08-25,Bucaramanga,juguetes,22.67
2367,222,2025-08-03,Bucaramanga,hogar,89.88
2368,66,2025-12-15,Bogota,deportes,7.25
2369,393,2025-01-03,Bogota,hogar,20.74
2370,258,2025-05-26,Bogota,ropa,61.18
2371,198,2025-06-22,Bogota,ropa,53.83
2372,178,2025-03-10,Bogota,libros,49.19
2373,53,2025-06-04,Bogota,libros,65.5
2374,37,2025-07-05,Medellin,mercado,6.56
2375,189,2025-11-23,Barranquilla,deportes,70.01
2376,302,2025-09-18,Cali,ropa,87.95
2377,65,2025-04-06,Medellin,ropa,17.58
2378,246,2025-11-22,Bogota,ropa,59.02
2379,89,2025-06-16,Barranquilla,juguetes,10.05
2380,232,2025-03-18,Medellin,electronica,167.3
2381,59,2025-10-22,Medellin,electronica,902.2
2382,306,2025-08-13,Bogota,electronica,19.69
2383,304,2025-06-02,Cali,ropa,100.49
2384,132,2025-11-14,Medellin,electronica,225.71
2385,171,2025-01-10,Cali,electronica,263.14
2386,6,2025-03-19,Cali,mercado,29.87
2387,44,2025-11-24,Medellin,mercado,40.86
2388,299,2025-09-13,Bogota,libros,33.48
2389,361,2025-07-18,Bucaramanga,electronica,149.78
2390,198,2025-12-10,Bogota,juguetes,123.22
2391,195,2025-09-17,Medellin,hogar,12.88
2392,265,2025-06-27,Cali,hogar,11.81
2393,376,2025-06-17,Medellin,electronica,94.8
2394,6,2025-04-06,Cali,electronica,121.42
2395,390,2025-07-03,Bogota,mercado,45.24
2396,289,2025-07-25,Cali,ropa,21.19
2397,334,2025-10-02,Bogota,ropa,22.64
2398,376,2025-10-07,Barranquilla,electronica,67.44
2399,96,2025-06-27,Medellin,juguetes,7.6
2400,358,2025-04-26,Bogota,hogar,246.45
2401,227,2025-06-19,Cartagena,deportes,166.78
2402,258,2025-06-01,Bogota,deportes,179.32
2403,12,2025-08-20,Medellin,ropa,85.97
2404,139,2025-04-09,Pereira,mercado,97.8
2405,337,2025-10-23,Bogota,mercado,24.73
2406,155,2025-01-14,Bogota,libros,116.45
2407,5,2025-04-15,Bogota,mercado,40.89
2408,118,2025-10-22,Medellin,hogar,167.37
2409,254,2025-02-27,Bogota,mercado,54.37
2410,124,2025-01-13,Bogota,hogar,11.85
2411,204,2025-12-17,Medellin,mercado,7.38
2412,102,2025-03-11,Medellin,electronica,326.59
2413,117,2025-05-17,Bucaramanga,libros,67.49
2414,174,2025-06-15,Bogota,hogar,78.89
2415,64,2025-02-26,Cali,electronica,19.17
2416,180,2025-02-07,Medellin,electronica,163.91
2417,216,2025-11-16,Medellin,hogar,57.91
2418,393,2025-02-10,Pereira,hogar,118.34
2419,15,2025-06-07,Medellin,ropa,40.54
2420,307,2025-07-11,Bogota,mercado,7.21
2421,94,2025-08-05,Medellin,electronica,161.99
2422,29,2025-09-14,Bogota,mercado,11.35
2423,260,2025-09-28,Medellin,mercado,136.64
2424,18,2025-04-26,Bogota,mercado,71.02
2425,274,2025-05-06,Cali,deportes,91.01
2426,341,2025-12-23,Medellin,mercado,16.74
2427,120,2025-11-06,Medellin,deportes,107.27
2428,258,2025-02-02,Medellin,ropa,31.01
2429,330,2025-08-22,Bogota,deportes,89.05
2430,119,2025-10-06,Cali,hogar,305.92
2431,70,2025-01-24,Cali,hogar,24.36
2432,227,2025-01-13,Medellin,hogar,194.91
2433,19,2025-11-16,Medellin,electronica,823.72
2434,46,2025-03-08,Medellin,ropa,218.58
2435,159,2025-11-05,Bogota,mercado,10.64
2436,187,2025-07-20,Medellin,libros,18.12
2437,65,2025-05-28,Bogota,electronica,201.13
2438,232,2025-05-06,Medellin,ropa,170.06
2439,23,2025-01-24,Cali,hogar,24.95
2440,58,2025-07-15,Medellin,ropa,85.1
2441,369,2025-06-25,Medellin,electronica,553.51
2442,69,2025-08-15,Cali,hogar,24.87
2443,381,2025-10-22,Medellin,electronica,7.09
2444,200,2025-01-14,Bogota,mercado,151.19
2445,51,2025-01-24,Bogota,mercado,130.26
2446,314,2025-09-16,Bogota,ropa,19.92
2447,199,2025-04-17,Cali,deportes,203.9
2448,295,2025-01-19,Medellin,electronica,421.46
2449,184,2025-03-13,Bogota,ropa,10.49
2450,325,2025-04-20,Cali,ropa,16.02
2451,305,2025-03-25,Bucaramanga,libros,97.85
2452,225,2025-08-17,Medellin,ropa,182.67
2453,163,2025-07-28,Cali,ropa,9.61
2454,302,2025-11-21,Medellin,ropa,7.09
2455,226,2025-10-07,Medellin,mercado,185.69
2456,102,2025-11-01,Bogota,mercado,22.75
2457,226,2025-01-12,Bogota,libros,23.94
2458,56,2025-11-21,Medellin,deportes,60.5
2459,200,2025-06-17,Bogota,hogar,21.91
2460,135,2025-08-07,Cali,electronica,565.31
2461,291,2025-07-20,Cali,juguetes,59.17
2462,344,2025-11-22,Bucaramanga,hogar,13.44
2463,43,2025-09-03,Bogota,mercado,35.95
2464,338,2025-08-11,Cartagena,ropa,70.81
2465,217,2025-03-21,Bogota,hogar,76.71
2466,118,2025-01-25,Bogota,ropa,6.15
2467,42,2025-11-16,Bucaramanga,deportes,256.88
2468,48,2025-02-13,Pereira,mercado,29.13
2469,294,2025-08-05,Bogota,juguetes,64.7
2470,299,2025-01-10,Bogota,electronica,47.38
2471,237,2025-01-13,Cali,hogar,148.59
2472,328,2025-09-15,Bogota,electronica,996.95
2473,123,2025-04-11,Medellin,ropa,16.66
2474,138,2025-05-20,Medellin,electronica,319.48
2475,300,2025-03-23,Cali,electronica,368.51
2476,303,2025-03-26,Medellin,mercado,20.98
2477,349,2025-05-01,Barranquilla,ropa,188.32
2478,257,2025-11-01,Pereira,libros,87.55
2479,89,2025-08-20,Medellin,ropa,13.94
2480,178,2025-08-10,Medellin,ropa,19.81
2481,398,2025-03-22,Barranquilla,hogar,48.81
2482,27,2025-11-07,Pereira,libros,55.99
2483,322,2025-03-08,Barranquilla,hogar,65.76
2484,68,2025-07-06,Cartagena,juguetes,10.9
2485,365,2025-06-05,Medellin,electronica,121.35
2486,327,2025-01-07,Pereira,ropa,81.56
2487,124,2025-10-19,Barranquilla,ropa,125.4
2488,381,2025-05-11,Cali,ropa,67.59
2489,5,2025-03-25,Bogota,electronica,399.51
2490,40,2025-06-20,Medellin,libros,151.26
2491,223,2025-02-17,Medellin,mercado,14.72
2492,332,2025-01-03,Bogota,mercado,53.93
2493,90,2025-04-17,Cartagena,hogar,139.8
2494,122,2025-01-27,Medellin,electronica,444.11
2495,339,2025-01-02,Bogota,electronica,77.21
2496,269,2025-09-27,Barranquilla,electronica,87.88
2497,298,2025-03-06,Pereira,ropa,5.87
2498,139,2025-05-08,Barranquilla,mercado,83.13
2499,155,2025-09-11,Cali,electronica,588.69
2500,112,2025-05-15,Medellin,hogar,143.85
2501,76,2025-04-13,Medellin,deportes,113.23
2502,273,2025-09-19,Bogota,libros,40.47
2503,108,2025-10-15,Medellin,libros,21.32
2504,142,2025-07-23,Bogota,mercado,40.06
2505,339,2025-05-19,Bogota,hogar,351.96
2506,367,2025-05-26,Bogota,ropa,108.53
2507,95,2025-03-21,Bucaramanga,mercado,43.33
2508,375,2025-08-23,Bogota,deportes,522.08
2509,61,2025-03-20,Barranquilla,electronica,60.21
2510,84,2025-07-13,Bogota,electronica,499.86
2511,197,2025-02-12,Medellin,mercado,17.19
2512,218,2025-05-15,Pereira,mercado,32.33
2513,313,2025-05-06,Barranquilla,hogar,76.7
2514,308,2025-10-15,Medellin,hogar,104.98
2515,211,2025-11-11,Bucaramanga,deportes,108.94
2516,107,2025-11-08,Medellin,deportes,52.17
2517,366,2025-11-20,Bogota,hogar,141.46
2518,161,2025-02-21,Cali,electronica,47.68
2519,75,2025-02-28,Cali,mercado,51.65
2520,393,2025-12-27,Medellin,ropa,145.19
2521,25,2025-09-26,Bogota,mercado,28.94
2522,94,2025-10-26,Medellin,electronica,200.93
2523,67,2025-02-25,Medellin,libros,14.81
2524,153,2025-01-15,Medellin,ropa,35.76
2525,65,2025-01-21,Medellin,electronica,506.92
2526,202,2025-11-23,Cali,ropa,66.39
2527,345,2025-04-23,Bogota,electronica,42.37
2528,311,2025-10-20,Medellin,ropa,140.75
2529,319,2025-08-03,Medellin,deportes,39.68
2530,189,2025-09-09,Bogota,mercado,9.47
2531,119,2025-02-24,Bogota,mercado,29.84
2532,355,2025-11-08,Medellin,electronica,119.62
2533,179,2025-06-04,Medellin,juguetes,55.36
2534,164,2025-06-20,Medellin,libros,20.55
2535,321,2025-07-26,Bogota,electronica,302.62
2536,337,2025-10-12,Bogota,mercado,138.14
2537,161,2025-11-05,Bogota,electronica,40.43
2538,13,2025-09-20,Medellin,hogar,274.9
2539,18,2025-10-06,Cartagena,ropa,9.6
2540,98,2025-03-07,Medellin,ropa,141.16
2541,281,2025-10-22,Medellin,ropa,222.01
2542,200,2025-09-07,Bogota,electronica,163.2
2543,297,2025-03-13,Medellin,deportes,15.32
2544,118,2025-05-26,Bogota,ropa,178.48
2545,287,2025-08-15,Medellin,electronica,376.51
2546,47,2025-01-12,Cali,mercado,10.41
2547,83,2025-05-01,Medellin,ropa,42.25
2548,359,2025-03-25,Medellin,electronica,325.73
2549,258,2025-07-12,Medellin,electronica,479.98
2550,282,2025-03-06,Cali,ropa,310.8
2551,167,2025-04-19,Bogota,juguetes,60.42
2552,206,2025-08-20,Barranquilla,electronica,58.2
2553,153,2025-09-22,Bogota,mercado,104.58
2554,375,2025-08-03,Medellin,mercado,59.52
2555,118,2025-12-22,Medellin,electronica,538.01
2556,221,2025-06-28,Barranquilla,electronica,562.8
2557,326,2025-08-06,Barranquilla,mercado,147.14
2558,336,2025-11-04,Pereira,hogar,30.23
2559,210,2025-12-22,Medellin,mercado,23.47
2560,193,2025-12-25,Pereira,mercado,70.48
2561,389,2025-12-09,Medellin,juguetes,19.58
2562,175,2025-02-28,Bogota,ropa,43.03
2563,117,2025-08-06,Medellin,ropa,240.97
2564,46,2025-12-19,Barranquilla,deportes,39.01
2565,303,2025-05-06,Medellin,electronica,376.23
2566,374,2025-06-17,Medellin,hogar,8.69
2567,64,2025-04-16,Bogota,hogar,290.16
2568,71,2025-05-17,Bogota,hogar,132.6
2569,72,2025-08-28,Pereira,hogar,68.33
2570,220,2025-05-17,Cali,hogar,44.31
2571,71,2025-09-25,Cali,hogar,51.57
2572,234,2025-01-07,Bogota,ropa,188.19
2573,281,2025-01-27,Cartagena,mercado,100.09
2574,379,2025-12-09,Medellin,hogar,95.08
2575,33,2025-11-22,Bogota,juguetes,13.06
2576,204,2025-02-27,Bogota,ropa,61.79
2577,118,2025-06-26,Bogota,ropa,111.98
2578,195,2025-11-24,Medellin,deportes,54.96
2579,394,2025-06-11,Cali,deportes,130.77
2580,370,2025-11-21,Bogota,hogar,9.64
2581,272,2025-11-26,Bogota,mercado,14.84
2582,357,2025-08-16,Bogota,mercado,95.26
2583,118,2025-05-25,Cali,ropa,29.96
2584,292,2025-01-22,Medellin,mercado,71.01
2585,300,2025-06-24,Barranquilla,electronica,167.95
2586,33,2025-11-08,Barranquilla,electronica,260.1
2587,318,2025-11-23,Cali,mercado,76.55
2588,355,2025-11-01,Medellin,electronica,431.2
2589,190,2025-11-28,Bogota,ropa,116.55
2590,47,2025-02-14,Barranquilla,juguetes,31.61
2591,207,2025-05-07,Cali,ropa,133.9
2592,107,2025-10-13,Bogota,mercado,100.76
2593,36,2025-02-24,Barranquilla,electronica,575.71
2594,289,2025-03-16,Medellin,ropa,134.47
2595,149,2025-06-21,Bucaramanga,mercado,32.4
2596,375,2025-07-16,Bucaramanga,juguetes,31.87
2597,165,2025-07-08,Medellin,mercado,323.18
2598,301,2025-07-14,Medellin,libros,62.83
2599,78,2025-03-08,Bogota,ropa,106.11
2600,227,2025-10-05,Medellin,electronica,122.16
2601,300,2025-07-10,Medellin,hogar,315.91
2602,231,2025-11-23,Medellin,deportes,130.47
2603,89,2025-01-25,Medellin,mercado,35.69
2604,300,2025-02-11,Barranquilla,hogar,276.94
2605,130,2025-12-09,Bogota,hogar,17.76
2606,220,2025-12-23,Bogota,electronica,439.62
2607,300,2025-01-06,Cali,electronica,59.48
2608,133,2025-03-20,Medellin,deportes,44.65
2609,265,2025-06-04,Bogota,electronica,46.94
2610,365,2025-03-01,Medellin,ropa,53.62
2611,214,2025-04-16,Bogota,hogar,66.01
2612,225,2025-07-28,Bogota,juguetes,33.7
2613,150,2025-04-28,Bucaramanga,hogar,69.36
2614,163,2025-12-28,Cartagena,hogar,85.11
2615,365,2025-11-15,Cartagena,electronica,143.62
2616,123,2025-10-27,Cali,juguetes,55.2
2617,192,2025-05-12,Barranquilla,libros,27.39
2618,80,2025-02-28,Bogota,electronica,135.24
2619,282,2025-11-27,Medellin,electronica,189.53
2620,140,2025-05-19,Medellin,hogar,428.73
2621,208,2025-12-23,Bucaramanga,electronica,148.47
2622,103,2025-08-07,Bogota,hogar,45.89
2623,309,2025-04-23,Bogota,libros,54.88
2624,224,2025-02-10,Cartagena,juguetes,154.91
2625,209,2025-06-24,Cali,ropa,28.61
2626,377,2025-05-15,Medellin,libros,23.11
2627,196,2025-11-05,Barranquilla,ropa,18.5
2628,144,2025-06-06,Cali,electronica,575.88
2629,198,2025-04-22,Bogota,electronica,328.97
2630,185,2025-10-22,Medellin,ropa,123.22
2631,102,2025-09-12,Barranquilla,electronica,132.9
2632,283,2025-10-21,Bogota,hogar,55.34
2633,250,2025-12-18,Medellin,electronica,155.87
2634,294,2025-07-04,Bogota,electronica,500.87
2635,132,2025-09-09,Cali,juguetes,140.86
2636,117,2025-04-05,Medellin,mercado,150.42
2637,243,2025-02-27,Barranquilla,hogar,51.41
2638,389,2025-06-28,Medellin,ropa,54.26
2639,299,2025-01-03,Barranquilla,juguetes,138.99
2640,379,2025-04-09,Bogota,hogar,5.37
2641,202,2025-09-12,Medellin,hogar,54.03
2642,1,2025-01-23,Bogota,hogar,202.83
2643,299,2025-06-04,Bogota,electronica,36.76
2644,243,2025-07-13,Bucaramanga,juguetes,192.69
2645,58,2025-12-15,Medellin,ropa,35.18
2646,74,2025-01-03,Cali,ropa,25.12
2647,128,2025-11-01,Barranquilla,electronica,280.13
2648,274,2025-06-23,Bogota,juguetes,79.42
2649,276,2025-08-04,Bucaramanga,ropa,9.5
2650,282,2025-01-21,Bogota,mercado,133.57
2651,11,2025-08-17,Medellin,juguetes,37.05
2652,218,2025-02-21,Medellin,mercado,25.6
2653,188,2025-08-20,Medellin,mercado,23.27
2654,117,2025-12-09,Barranquilla,electronica,339.38
2655,61,2025-12-08,Bucaramanga,hogar,165.29
2656,305,2025-06-18,Cali,hogar,44.68
2657,309,2025-02-13,Medellin,mercado,231.93
2658,126,2025-02-18,Medellin,juguetes,38.87
2659,135,2025-07-15,Cali,hogar,32.56
2660,245,2025-12-27,Medellin,hogar,44.21
2661,399,2025-07-05,Cali,mercado,11.37
2662,64,2025-01-03,Medellin,mercado,218.96
2663,287,2025-08-02,Cali,ropa,61.71
2664,384,2025-05-24,Barranquilla,mercado,21.76
2665,76,2025-09-25,Medellin,ropa,8.21
2666,68,2025-09-20,Bogota,mercado,12.59
2667,244,2025-05-17,Pereira,hogar,106.61
2668,167,2025-07-01,Cali,hogar,40.37
2669,187,2025-11-05,Cali,hogar,200.92
2670,112,2025-11-24,Barranquilla,electronica,934.94
2671,164,2025-11-01,Cali,electronica,883.91
2672,394,2025-07-02,Bogota,electronica,166.21
2673,100,2025-08-22,Medellin,electronica,46.62
2674,308,2025-01-05,Medellin,ropa,136.5
2675,2,2025-01-01,Cali,hogar,25.0
2676,319,2025-07-26,Medellin,hogar,82.77
2677,328,2025-05-17,Bogota,electronica,413.89
2678,164,2025-09-12,Bogota,electronica,395.39
2679,72,2025-07-19,Bogota,electronica,125.22
2680,207,2025-08-03,Cali,ropa,89.28
2681,332,2025-12-24,Medellin,deportes,47.97
2682,384,2025-07-26,Cali,hogar,47.69
2683,94,2025-08-11,Medellin,deportes,38.86
2684,63,2025-06-22,Cali,libros,27.91
2685,236,2025-04-19,Bucaramanga,hogar,242.31
2686,198,2025-10-14,Medellin,mercado,39.57
2687,202,2025-08-26,Medellin,electronica,350.98
2688,252,2025-10-12,Medellin,juguetes,13.62
2689,316,2025-08-01,Pereira,ropa,46.37
2690,262,2025-04-27,Medellin,hogar,136.26
2691,321,2025-05-16,Medellin,electronica,790.13
2692,80,2025-07-06,Bogota,mercado,32.64
2693,138,2025-03-04,Bogota,electronica,138.82
2694,213,2025-10-05,Medellin,electronica,556.24
2695,135,2025-06-05,Bogota,deportes,41.97
2696,248,2025-11-10,Barranquilla,mercado,34.33
2697,294,2025-07-03,Cali,mercado,45.21
2698,283,2025-04-23,Medellin,electronica,542.97
2699,259,2025-11-13,Cali,hogar,247.48
2700,292,2025-03-05,Pereira,juguetes,251.68
2701,140,2025-04-04,Medellin,electronica,170.17
2702,187,2025-04-15,Medellin,mercado,79.59
2703,7,2025-09-27,Medellin,hogar,16.34
2704,170,2025-07-14,Medellin,electronica,181.96
2705,39,2025-01-04,Pereira,libros,34.98
2706,321,2025-06-24,Medellin,ropa,48.44
2707,247,2025-06-16,Barranquilla,mercado,13.26
2708,22,2025-07-09,Bogota,electronica,15.75
2709,313,2025-07-28,Cali,electronica,136.66
2710,42,2025-10-09,Medellin,ropa,45.57
2711,184,2025-08-15,Bogota,mercado,77.76
2712,274,2025-10-20,Medellin,mercado,96.11
2713,248,2025-04-27,Bogota,mercado,90.67
2714,163,2025-09-11,Medellin,electronica,676.36
2715,288,2025-01-15,Pereira,electronica,62.43
2716,273,2025-09-05,Cali,hogar,197.66
2717,289,2025-04-11,Medellin,electronica,22.51
2718,149,2025-02-20,Medellin,mercado,53.8
2719,67,2025-03-02,Cali,electronica,550.37
2720,224,2025-12-13,Bogota,hogar,36.38
2721,383,2025-02-26,Medellin,deportes,29.08
2722,370,2025-03-28,Bogota,hogar,358.69
2723,34,2025-11-13,Bogota,ropa,6.48
2724,86,2025-12-07,Cali,hogar,40.04
2725,190,2025-02-10,Bogota,ropa,139.8
2726,90,2025-06-21,Medellin,hogar,145.41
2727,75,2025-08-20,Medellin,mercado,45.8
2728,105,2025-01-24,Barranquilla,electronica,242.91
2729,357,2025-02-23,Bucaramanga,mercado,114.84
2730,95,2025-02-01,Barranquilla,hogar,177.07
2731,213,2025-08-07,Bogota,ropa,213.19
2732,27,2025-10-25,Bogota,electronica,222.31
2733,298,2025-10-01,Cartagena,mercado,51.6
2734,269,2025-09-01,Medellin,mercado,55.26
2735,173,2025-12-21,Pereira,hogar,169.54
2736,42,2025-08-24,Medellin,electronica,265.75
2737,394,2025-12-20,Cali,mercado,47.38
2738,369,2025-02-08,Medellin,hogar,75.61
2739,105,2025-11-24,Bogota,ropa,185.74
2740,290,2025-06-06,Cartagena,ropa,86.6
2741,4,2025-10-04,Bogota,hogar,69.51
2742,348,2025-08-23,Bogota,electronica,174.14
2743,352,2025-12-22,Medellin,hogar,240.24
2744,124,2025-02-23,Pereira,ropa,183.63
2745,347,2025-11-24,Bogota,ropa,102.11
2746,351,2025-12-01,Bogota,electronica,117.52
2747,47,2025-05-14,Cali,hogar,584.09
2748,194,2025-05-13,Medellin,mercado,16.86
2749,302,2025-04-02,Bogota,electronica,370.12
2750,281,2025-12-17,Pereira,ropa,16.44
2751,241,2025-06-21,Cali,libros,26.29
2752,94,2025-03-03,Cali,mercado,34.51
2753,341,2025-08-27,Bogota,electronica,458.39
2754,326,2025-02-02,Bogota,hogar,16.36
2755,245,2025-09-20,Bogota,electronica,48.24
2756,252,2025-07-20,Bucaramanga,electronica,82.29
2757,336,2025-05-27,Medellin,electronica,5.08
2758,258,2025-04-03,Cartagena,ropa,56.56
2759,43,2025-11-17,Bogota,hogar,128.84
2760,252,2025-12-19,Medellin,libros,24.4
2761,40,2025-04-22,Medellin,mercado,74.6
2762,351,2025-10-10,Barranquilla,hogar,12.81
2763,126,2025-12-20,Bogota,ropa,142.37
2764,278,2025-07-21,Cali,hogar,43.55
2765,18,2025-06-13,Cartagena,libros,11.05
2766,194,2025-12-25,Bucaramanga,deportes,80.82
2767,176,2025-12-19,Bogota,mercado,24.12
2768,33,2025-10-21,Bogota,electronica,66.88
2769,289,2025-01-13,Medellin,juguetes,14.71
2770,260,2025-12-19,Medellin,ropa,90.89
2771,161,2025-12-15,Medellin,mercado,45.39
2772,367,2025-09-10,Bucaramanga,electronica,377.97
2773,115,2025-07-16,Medellin,libros,80.73
2774,17,2025-04-03,Medellin,ropa,73.01
2775,89,2025-03-26,Bogota,ropa,154.08
2776,70,2025-01-10,Medellin,deportes,18.88
2777,254,2025-12-07,Bogota,mercado,50.01
2778,54,2025-12-12,Bogota,mercado,25.49
2779,263,2025-05-26,Bogota,mercado,131.56
2780,115,2025-07-07,Cali,mercado,13.58
2781,28,2025-09-05,Bogota,hogar,50.86
2782,242,2025-04-01,Bogota,deportes,42.69
2783,195,2025-03-17,Medellin,electronica,386.81
2784,91,2025-10-25,Medellin,hogar,23.31
2785,14,2025-06-15,Bogota,ropa,19.63
2786,151,2025-06-22,Cali,electronica,48.47
2787,309,2025-07-15,Medellin,ropa,83.1
2788,390,2025-03-22,Medellin,ropa,502.76
2789,344,2025-09-06,Barranquilla,electronica,89.9
2790,96,2025-07-01,Medellin,mercado,24.73
2791,12,2025-07-14,Pereira,deportes,8.55
2792,7,2025-01-06,Cali,mercado,45.98
2793,308,2025-02-16,Pereira,electronica,148.9
2794,220,2025-05-05,Bogota,ropa,108.83
2795,156,2025-12-23,Medellin,ropa,14.81
2796,305,2025-07-20,Medellin,ropa,46.08
2797,110,2025-01-21,Bogota,ropa,27.69
2798,178,2025-06-14,Medellin,hogar,20.94
2799,324,2025-08-22,Bogota,ropa,31.43
2800,334,2025-10-17,Medellin,ropa,37.63
2801,98,2025-10-20,Medellin,libros,201.67
2802,126,2025-01-27,Bogota,hogar,132.43
2803,126,2025-06-28,Bogota,ropa,92.33
2804,395,2025-01-16,Bogota,libros,10.77
2805,277,2025-03-17,Medellin,electronica,64.62
2806,2,2025-08-05,Medellin,hogar,209.38
2807,113,2025-03-02,Bogota,electronica,52.66
2808,24,2025-05-07,Barranquilla,ropa,13.22
2809,25,2025-05-03,Bucaramanga,deportes,50.81
2810,384,2025-08-21,Cartagena,mercado,15.64
2811,10,2025-01-27,Medellin,mercado,121.92
2812,137,2025-03-27,Bogota,electronica,273.54
2813,195,2025-06-05,Medellin,electronica,55.58
2814,117,2025-04-17,Bogota,electronica,336.74
2815,273,2025-12-27,Cartagena,ropa,23.71
2816,179,2025-02-10,Cali,electronica,66.66
2817,301,2025-06-28,Medellin,electronica,155.26
2818,103,2025-04-12,Bogota,mercado,139.64
2819,108,2025-09-09,Bucaramanga,hogar,79.35
2820,331,2025-01-19,Bogota,ropa,66.74
2821,5,2025-09-24,Bogota,mercado,167.52
2822,202,2025-03-08,Barranquilla,deportes,354.94
2823,78,2025-05-21,Cali,hogar,192.69
2824,13,2025-08-06,Bogota,electronica,7.89
2825,119,2025-03-17,Medellin,libros,65.88
2826,298,2025-08-12,Cali,mercado,40.52
2827,117,2025-04-26,Medellin,libros,36.75
2828,235,2025-02-17,Cali,electronica,16.15
2829,374,2025-10-10,Medellin,hogar,99.3
2830,82,2025-06-10,Bogota,hogar,89.34
2831,137,2025-05-12,Medellin,libros,23.03
2832,374,2025-01-03,Medellin,hogar,33.84
2833,387,2025-02-27,Bogota,deportes,21.33
2834,396,2025-03-03,Cali,ropa,52.86
2835,374,2025-11-16,Bogota,mercado,105.32
2836,399,2025-01-22,Cali,mercado,9.52
2837,383,2025-06-03,Medellin,mercado,22.1
2838,306,2025-07-17,Barranquilla,deportes,126.4
2839,274,2025-03-07,Medellin,ropa,36.76
2840,67,2025-12-23,Bogota,electronica,15.49
2841,198,2025-04-01,Bogota,libros,45.6
2842,190,2025-06-06,Bogota,electronica,286.91
2843,15,2025-11-22,Cali,deportes,193.37
2844,298,2025-04-04,Barranquilla,juguetes,66.44
2845,236,2025-06-04,Bogota,electronica,508.72
2846,170,2025-05-27,Bogota,mercado,76.92
2847,188,2025-11-23,Bogota,mercado,12.52
2848,143,2025-10-22,Medellin,hogar,63.25
2849,311,2025-05-05,Cali,electronica,463.48
2850,353,2025-10-06,Medellin,mercado,9.22
2851,66,2025-06-16,Bogota,electronica,71.35
2852,390,2025-07-04,Bogota,hogar,41.44
2853,63,2025-07-15,Cali,ropa,390.1
2854,46,2025-02-28,Medellin,electronica,481.33
2855,83,2025-05-01,Bogota,electronica,354.38
2856,230,2025-09-02,Bogota,mercado,45.06
2857,126,2025-07-01,Medellin,mercado,77.84
2858,270,2025-01-27,Bogota,mercado,25.8
2859,317,2025-01-04,Medellin,electronica,1318.69
2860,238,2025-01-25,Bucaramanga,deportes,113.55
2861,140,2025-03-14,Barranquilla,juguetes,41.97
2862,238,2025-08-01,Cali,hogar,10.0
2863,99,2025-05-18,Pereira,mercado,103.29
2864,329,2025-01-20,Bogota,ropa,307.19
2865,205,2025-11-09,Bogota,hogar,80.45
2866,273,2025-07-01,Pereira,mercado,7.55
2867,277,2025-02-17,Medellin,ropa,59.44
2868,261,2025-08-10,Medellin,electronica,174.7
2869,68,2025-01-14,Cartagena,ropa,121.12
2870,89,2025-09-10,Medellin,electronica,1074.81
2871,320,2025-10-05,Barranquilla,mercado,63.92
2872,212,2025-03-15,Bogota,mercado,30.77
2873,262,2025-02-14,Bogota,ropa,86.91
2874,57,2025-08-18,Bogota,deportes,96.92
2875,298,2025-05-13,Barranquilla,ropa,16.97
2876,328,2025-06-06,Pereira,mercado,105.63
2877,274,2025-05-25,Pereira,hogar,46.93
2878,245,2025-11-15,Cali,deportes,77.48
2879,76,2025-03-28,Barranquilla,ropa,139.41
2880,285,2025-06-10,Bogota,hogar,71.26
2881,232,2025-03-02,Bogota,ropa,7.68
2882,341,2025-02-16,Bogota,ropa,344.73
2883,235,2025-01-18,Bogota,mercado,19.29
2884,294,2025-03-04,Medellin,ropa,375.21
2885,385,2025-12-27,Medellin,hogar,51.34
2886,256,2025-03-26,Medellin,ropa,40.41
2887,126,2025-02-13,Medellin,hogar,56.96
2888,398,2025-09-21,Medellin,mercado,40.24
2889,148,2025-10-21,Bogota,mercado,74.62
2890,8,2025-06-12,Bucaramanga,mercado,32.67
2891,257,2025-12-18,Medellin,mercado,78.78
2892,285,2025-04-16,Cartagena,ropa,90.68
2893,198,2025-04-27,Bogota,ropa,5.82
2894,75,2025-12-22,Cali,ropa,180.85
2895,361,2025-04-03,Bogota,juguetes,6.9
2896,245,2025-01-19,Bogota,ropa,9.27
2897,71,2025-11-02,Bucaramanga,ropa,161.98
2898,355,2025-01-09,Bogota,hogar,397.26
2899,188,2025-11-07,Bogota,libros,33.4
2900,301,2025-04-07,Medellin,mercado,42.35
2901,121,2025-03-01,Bogota,electronica,246.07
2902,336,2025-12-08,Medellin,mercado,105.13
2903,190,2025-05-18,Medellin,mercado,48.57
2904,64,2025-09-06,Medellin,ropa,76.86
2905,372,2025-06-13,Cali,electronica,187.01
2906,105,2025-08-03,Medellin,electronica,300.65
2907,364,2025-05-13,Medellin,libros,117.12
2908,300,2025-01-19,Medellin,mercado,36.46
2909,178,2025-07-25,Bucaramanga,electronica,1624.65
2910,182,2025-11-05,Medellin,electronica,387.36
2911,293,2025-02-23,Bucaramanga,mercado,90.69
2912,361,2025-11-07,Cartagena,electronica,931.63
2913,394,2025-11-05,Pereira,mercado,7.17
2914,195,2025-12-08,Cali,mercado,77.43
2915,377,2025-04-13,Medellin,electronica,557.85
2916,339,2025-12-28,Bogota,ropa,6.83
2917,300,2025-04-25,Bogota,juguetes,23.83
2918,313,2025-02-04,Medellin,juguetes,20.9
2919,165,2025-03-23,Medellin,juguetes,7.96
2920,259,2025-01-08,Bogota,mercado,255.95
2921,203,2025-03-16,Bogota,mercado,105.82
2922,203,2025-04-13,Bogota,electronica,47.66
2923,150,2025-02-20,Cali,electronica,789.08
2924,51,2025-09-27,Bogota,mercado,7.65
2925,24,2025-12-18,Bogota,mercado,51.23
2926,104,2025-02-03,Medellin,deportes,197.16
2927,99,2025-09-27,Bucaramanga,electronica,1120.33
2928,303,2025-10-08,Bucaramanga,mercado,137.61
2929,156,2025-02-10,Medellin,electronica,281.19
2930,319,2025-09-06,Medellin,mercado,39.62
2931,158,2025-10-09,Cali,ropa,149.03
2932,107,2025-08-09,Medellin,mercado,45.11
2933,329,2025-11-08,Bogota,electronica,36.04
2934,236,2025-10-25,Cali,mercado,48.55
2935,358,2025-07-23,Bogota,hogar,212.71
2936,106,2025-06-13,Bogota,hogar,960.08
2937,73,2025-07-04,Bogota,ropa,102.12
2938,373,2025-11-15,Cali,deportes,17.48
2939,353,2025-11-12,Pereira,deportes,139.87
2940,91,2025-06-17,Barranquilla,electronica,510.44
2941,212,2025-12-13,Cali,electronica,308.35
2942,154,2025-09-07,Pereira,ropa,34.33
2943,188,2025-07-07,Cali,ropa,65.45
2944,238,2025-04-04,Medellin,mercado,52.18
2945,11,2025-07-28,Cali,juguetes,5.21
2946,69,2025-10-08,Bogota,ropa,200.08
2947,148,2025-10-15,Cali,deportes,77.63
2948,117,2025-10-27,Medellin,electronica,350.89
2949,248,2025-01-11,Cartagena,electronica,135.7
2950,306,2025-03-21,Bogota,mercado,10.25
2951,346,2025-02-14,Bogota,ropa,37.85
2952,150,2025-11-01,Bogota,mercado,91.44
2953,7,2025-12-20,Medellin,juguetes,98.39
2954,198,2025-10-10,Medellin,ropa,353.31
2955,176,2025-02-04,Barranquilla,ropa,165.55
2956,116,2025-10-20,Cali,electronica,334.58
2957,66,2025-10-25,Bogota,electronica,250.07
2958,21,2025-06-10,Cali,hogar,68.82
2959,210,2025-02-01,Cali,ropa,192.69
2960,83,2025-11-18,Barranquilla,ropa,24.29
2961,87,2025-08-08,Bogota,ropa,18.12
2962,398,2025-04-01,Medellin,ropa,221.78
2963,161,2025-11-16,Medellin,hogar,37.45
2964,266,2025-05-18,Barranquilla,ropa,42.64
2965,274,2025-02-08,Bogota,electronica,31.61
2966,333,2025-04-27,Cali,mercado,21.68
2967,13,2025-02-22,Medellin,electronica,65.9
2968,139,2025-12-10,Medellin,electronica,40.05
2969,87,2025-10-16,Bogota,ropa,51.83
2970,178,2025-05-16,Cali,electronica,92.59
2971,144,2025-01-06,Bogota,ropa,77.76
2972,138,2025-08-12,Bogota,deportes,68.41
2973,359,2025-01-20,Medellin,electronica,699.23
2974,26,2025-08-01,Bogota,ropa,116.75
2975,334,2025-07-05,Medellin,libros,64.46
2976,251,2025-10-09,Bogota,deportes,82.63
2977,22,2025-07-28,Cali,ropa,22.24
2978,367,2025-02-09,Bogota,mercado,599.93
2979,222,2025-03-08,Cali,mercado,9.02
2980,74,2025-04-02,Barranquilla,hogar,231.24
2981,201,2025-08-06,Bogota,hogar,14.26
2982,86,2025-08-03,Bogota,ropa,27.03
2983,259,2025-06-14,Bogota,hogar,38.13
2984,93,2025-03-19,Medellin,juguetes,84.49
2985,356,2025-03-22,Medellin,electronica,530.1
2986,35,2025-07-09,Bogota,ropa,7.17
2987,78,2025-08-16,Bogota,libros,18.4
2988,262,2025-05-19,Bogota,electronica,12.36
2989,95,2025-06-22,Bogota,electronica,164.93
2990,365,2025-03-09,Pereira,hogar,295.46
2991,257,2025-02-03,Bogota,ropa,234.62
2992,186,2025-06-25,Medellin,deportes,71.15
2993,315,2025-08-14,Cali,hogar,14.32
2994,270,2025-02-08,Medellin,electronica,146.31
2995,90,2025-09-17,Bogota,mercado,19.17
2996,23,2025-07-28,Medellin,mercado,41.59
2997,326,2025-09-27,Pereira,libros,5.41
2998,247,2025-10-20,Bogota,mercado,124.8
2999,132,2025-12-14,Cali,electronica,109.5
3000,373,2025-08-08,Bogota,deportes,151.39
3001,183,2025-05-08,Medellin,ropa,9.85
3002,165,2025-05-08,Pereira,electronica,577.51
3003,172,2025-03-22,Bogota,hogar,108.21
3004,122,2025-07-17,Bucaramanga,electronica,150.89
3005,289,2025-10-22,Medellin,electronica,70.43
3006,371,2025-05-06,Cali,ropa,43.32
3007,256,2025-11-08,Bogota,electronica,195.86
3008,67,2025-04-25,Bogota,mercado,13.41
3009,236,2025-09-26,Bogota,ropa,51.56
3010,219,2025-10-18,Bogota,mercado,18.78
3011,223,2025-04-02,Medellin,mercado,12.45
3012,110,2025-04-06,Bogota,deportes,59.28
3013,286,2025-09-13,Bogota,ropa,138.85
3014,291,2025-09-17,Bogota,electronica,79.66
3015,232,2025-11-06,Bogota,mercado,56.94
3016,56,2025-08-18,Medellin,ropa,143.38
3017,218,2025-09-02,Bogota,mercado,63.8
3018,343,2025-08-07,Barranquilla,hogar,52.42
3019,163,2025-04-06,Barranquilla,ropa,27.09
3020,192,2025-02-06,Cali,mercado,90.78
3021,122,2025-09-03,Cali,deportes,135.4
3022,127,2025-08-20,Medellin,hogar,233.12
3023,272,2025-06-26,Cartagena,hogar,23.69
3024,110,2025-04-19,Cartagena,hogar,222.67
3025,359,2025-11-20,Cali,ropa,66.24
3026,387,2025-08-07,Bogota,mercado,16.24
3027,336,2025-02-09,Cali,ropa,23.9
3028,361,2025-10-26,Cali,ropa,22.92
3029,377,2025-04-03,Bogota,libros,75.22
3030,174,2025-10-21,Cali,ropa,12.47
3031,304,2025-12-10,Medellin,ropa,23.43
3032,1,2025-02-09,Cali,ropa,141.57
3033,287,2025-12-11,Medellin,deportes,53.38
3034,297,2025-12-22,Bogota,hogar,46.27
3035,360,2025-12-01,Bogota,mercado,61.63
3036,13,2025-02-06,Pereira,mercado,24.23
3037,37,2025-09-16,Bogota,ropa,17.53
3038,85,2025-01-18,Pereira,electronica,582.52
3039,291,2025-09-25,Bucaramanga,ropa,5.61
3040,66,2025-05-02,Cali,electronica,83.22
3041,162,2025-06-07,Bucaramanga,deportes,37.92
3042,1,2025-10-22,Bucaramanga,mercado,274.43
3043,308,2025-02-24,Bogota,ropa,159.79
3044,268,2025-04-27,Bogota,electronica,83.28
3045,6,2025-02-21,Medellin,mercado,26.2
3046,180,2025-03-22,Cartagena,electronica,117.15
3047,4,2025-10-23,Cali,mercado,136.92
3048,128,2025-11-12,Bogota,hogar,100.3
3049,336,2025-08-28,Bogota,hogar,187.62
3050,35,2025-05-22,Barranquilla,electronica,278.85
3051,265,2025-12-28,Medellin,electronica,44.76
3052,367,2025-08-21,Bogota,mercado,16.76
3053,34,2025-04-26,Bogota,deportes,345.44
3054,292,2025-05-16,Bogota,libros,73.86
3055,4,2025-02-22,Bogota,mercado,52.38
3056,269,2025-04-16,Bogota,ropa,26.38
3057,43,2025-09-25,Bogota,ropa,192.21
3058,55,2025-10-04,Cali,mercado,36.85
3059,297,2025-04-11,Medellin,ropa,127.74
3060,220,2025-02-05,Barranquilla,mercado,65.0
3061,347,2025-04-26,Bogota,deportes,140.6
3062,75,2025-04-08,Bogota,electronica,481.35
3063,76,2025-05-14,Medellin,mercado,38.22
3064,383,2025-08-26,Cali,ropa,28.99
3065,217,2025-05-06,Pereira,mercado,120.48
3066,91,2025-07-02,Bogota,ropa,44.32
3067,269,2025-04-19,Barranquilla,ropa,185.57
3068,60,2025-09-01,Cali,deportes,63.3
3069,384,2025-12-10,Cartagena,ropa,28.56
3070,336,2025-06-17,Pereira,ropa,78.7
3071,158,2025-11-23,Pereira,mercado,42.38
3072,213,2025-08-27,Bogota,hogar,35.37
3073,183,2025-10-22,Medellin,libros,22.55
3074,342,2025-06-14,Medellin,ropa,189.13
3075,90,2025-10-15,Bogota,deportes,95.34
3076,286,2025-01-02,Bogota,hogar,28.74
3077,69,2025-10-15,Barranquilla,electronica,189.36
3078,225,2025-07-18,Barranquilla,mercado,98.2
3079,337,2025-07-09,Medellin,ropa,156.74
3080,296,2025-10-10,Cali,electronica,199.87
3081,158,2025-05-24,Bogota,electronica,153.17
3082,211,2025-06-27,Medellin,electronica,813.29
3083,196,2025-09-13,Bogota,electronica,181.03
3084,99,2025-04-27,Bogota,mercado,175.96
3085,220,2025-08-14,Medellin,ropa,48.1
3086,301,2025-03-22,Medellin,deportes,10.06
3087,20,2025-08-18,Cali,mercado,10.74
3088,310,2025-04-11,Bogota,mercado,48.48
3089,10,2025-08-14,Bogota,ropa,23.35
3090,98,2025-02-03,Bogota,juguetes,13.41
3091,362,2025-12-26,Bogota,hogar,203.19
3092,172,2025-02-09,Bogota,hogar,82.57
3093,204,2025-11-26,Cartagena,mercado,90.99
3094,154,2025-10-14,Cali,ropa,57.02
3095,5,2025-06-24,Medellin,ropa,84.43
3096,246,2025-02-25,Medellin,mercado,59.17
3097,295,2025-05-06,Bogota,ropa,23.7
3098,144,2025-07-03,Cartagena,electronica,89.06
3099,397,2025-06-03,Bogota,mercado,30.73
3100,84,2025-01-03,Bogota,deportes,64.59
3101,389,2025-03-25,Cali,electronica,250.49
3102,143,2025-11-10,Bogota,electronica,441.15
3103,193,2025-10-19,Bogota,juguetes,69.82
3104,390,2025-09-19,Bogota,hogar,180.39
3105,252,2025-03-05,Medellin,libros,48.46
3106,242,2025-12-24,Cali,electronica,124.56
3107,23,2025-12-06,Bogota,mercado,111.28
3108,86,2025-12-01,Barranquilla,juguetes,49.27
3109,221,2025-08-19,Bogota,mercado,10.63
3110,204,2025-02-07,Bogota,libros,60.2
3111,46,2025-06-21,Medellin,ropa,56.65
3112,94,2025-05-24,Cartagena,mercado,320.37
3113,315,2025-03-14,Bucaramanga,deportes,318.17
3114,38,2025-03-21,Medellin,electronica,100.73
3115,272,2025-01-15,Cali,electronica,593.64
3116,192,2025-04-10,Cartagena,juguetes,60.81
3117,234,2025-10-16,Medellin,mercado,167.89
3118,343,2025-10-25,Medellin,mercado,11.3
3119,400,2025-08-10,Bogota,electronica,234.99
3120,230,2025-08-12,Bucaramanga,ropa,202.46
3121,262,2025-06-26,Medellin,ropa,34.25
3122,271,2025-05-04,Barranquilla,mercado,139.45
3123,114,2025-09-04,Bogota,deportes,28.34
3124,233,2025-03-22,Cali,ropa,11.96
3125,263,2025-02-09,Barranquilla,libros,58.17
3126,168,2025-01-21,Bogota,electronica,254.95
3127,18,2025-04-05,Medellin,libros,38.09
3128,114,2025-02-12,Cali,mercado,29.48
3129,153,2025-03-21,Cali,electronica,527.58
3130,297,2025-04-09,Bogota,juguetes,190.26
3131,54,2025-06-07,Medellin,ropa,39.52
3132,190,2025-11-03,Barranquilla,mercado,34.46
3133,165,2025-06-24,Medellin,libros,16.21
3134,378,2025-08-01,Bogota,juguetes,6.4
3135,30,2025-01-09,Bogota,electronica,134.03
3136,149,2025-10-26,Bogota,hogar,127.15
3137,355,2025-01-25,Bucaramanga,juguetes,9.97
3138,131,2025-05-03,Cali,electronica,1127.75
3139,396,2025-02-21,Cartagena,electronica,606.31
3140,88,2025-01-03,Barranquilla,mercado,9.59
3141,358,2025-11-25,Medellin,mercado,26.97
3142,36,2025-11-03,Bogota,ropa,15.59
3143,306,2025-03-08,Bogota,mercado,38.76
3144,189,2025-07-09,Bucaramanga,electronica,164.31
3145,152,2025-11-27,Medellin,ropa,73.98
3146,344,2025-07-24,Medellin,electronica,380.97
3147,142,2025-07-06,Medellin,electronica,7.66
3148,140,2025-10-15,Bogota,electronica,339.8
3149,138,2025-02-10,Bogota,deportes,122.32
3150,281,2025-01-23,Bogota,ropa,52.43
3151,136,2025-03-05,Barranquilla,libros,25.37
3152,6,2025-02-19,Bogota,deportes,269.17
3153,300,2025-07-25,Cali,ropa,152.49
3154,335,2025-03-08,Pereira,electronica,607.0
3155,391,2025-04-28,Bogota,juguetes,12.69
3156,21,2025-02-01,Medellin,libros,12.13
3157,220,2025-10-24,Bogota,hogar,171.31
3158,110,2025-07-09,Cali,mercado,69.44
3159,218,2025-04-15,Medellin,electronica,122.43
3160,116,2025-12-15,Medellin,electronica,679.68
3161,361,2025-01-23,Cali,ropa,158.85
3162,196,2025-04-11,Cali,mercado,10.67
3163,351,2025-04-07,Medellin,hogar,341.74
3164,354,2025-09-03,Cali,hogar,292.24
3165,39,2025-03-06,Medellin,electronica,147.15
3166,58,2025-04-01,Medellin,mercado,14.18
3167,191,2025-05-08,Bogota,ropa,67.86
3168,280,2025-11-20,Barranquilla,electronica,40.02
3169,93,2025-04-09,Barranquilla,mercado,130.24
3170,138,2025-04-04,Cali,ropa,201.28
3171,340,2025-03-11,Bogota,electronica,87.6
3172,110,2025-10-07,Cali,electronica,111.45
3173,57,2025-01-06,Cartagena,hogar,8.11
3174,128,2025-12-14,Bogota,ropa,116.14
3175,104,2025-05-04,Medellin,electronica,19.98
3176,146,2025-06-15,Bogota,deportes,59.57
3177,25,2025-02-24,Bogota,electronica,149.01
3178,48,2025-03-03,Bogota,mercado,28.87
3179,146,2025-07-27,Barranquilla,ropa,22.2
3180,29,2025-01-04,Cali,ropa,55.71
3181,320,2025-10-06,Cali,mercado,65.26
3182,108,2025-11-20,Bogota,deportes,133.94
3183,178,2025-02-15,Cali,ropa,16.21
3184,303,2025-03-23,Medellin,mercado,71.32
3185,230,2025-03-14,Bogota,hogar,40.44
3186,357,2025-03-20,Pereira,electronica,45.02
3187,275,2025-11-25,Bogota,deportes,22.1
3188,290,2025-04-23,Cali,electronica,103.57
3189,171,2025-02-09,Medellin,mercado,186.14
3190,156,2025-09-17,Cali,hogar,64.95
3191,359,2025-10-03,Bogota,ropa,142.95
3192,83,2025-01-02,Medellin,ropa,9.57
3193,391,2025-01-23,Pereira,juguetes,124.56
3194,353,2025-06-06,Cali,ropa,59.72
3195,83,2025-06-15,Medellin,mercado,135.9
3196,192,2025-12-17,Bogota,mercado,55.6
3197,317,2025-08-10,Bogota,electronica,314.19
3198,325,2025-06-10,Bogota,electronica,20.09
3199,57,2025-01-13,Bogota,hogar,43.01
3200,334,2025-10-02,Bogota,mercado,164.09
3201,209,2025-05-13,Bogota,ropa,91.4
3202,363,2025-03-01,Medellin,electronica,383.57
3203,123,2025-10-12,Barranquilla,libros,22.17
3204,79,2025-09-03,Barranquilla,ropa,17.26
3205,348,2025-04-12,Bogota,hogar,291.64
3206,388,2025-12-21,Barranquilla,deportes,169.72
3207,257,2025-01-28,Cali,hogar,138.27
3208,369,2025-10-11,Bogota,electronica,1062.76
3209,383,2025-04-14,Medellin,electronica,18.7
3210,21,2025-08-03,Bucaramanga,ropa,151.52
3211,345,2025-06-14,Cartagena,electronica,12.01
3212,15,2025-03-12,Medellin,electronica,1049.01
3213,253,2025-08-09,Bogota,mercado,29.11
3214,155,2025-04-04,Medellin,mercado,22.4
3215,272,2025-09-02,Bogota,electronica,457.03
3216,22,2025-12-08,Bogota,ropa,66.95
3217,158,2025-02-04,Cali,electronica,1081.21
3218,74,2025-09-12,Medellin,hogar,6.64
3219,209,2025-03-23,Medellin,hogar,127.9
3220,120,2025-10-03,Medellin,electronica,87.8
3221,10,2025-02-14,Bogota,hogar,67.12
3222,343,2025-12-05,Bogota,hogar,105.54
3223,298,2025-03-09,Bogota,deportes,579.52
3224,333,2025-11-26,Cartagena,electronica,576.38
3225,336,2025-06-12,Barranquilla,mercado,13.54
3226,300,2025-08-27,Medellin,hogar,6.12
3227,200,2025-04-28,Barranquilla,ropa,18.95
3228,333,2025-10-20,Barranquilla,hogar,114.98
3229,18,2025-04-21,Medellin,deportes,34.43
3230,29,2025-05-26,Bogota,ropa,23.15
3231,89,2025-12-15,Medellin,electronica,442.52
3232,370,2025-05-22,Barranquilla,hogar,105.1
3233,334,2025-02-16,Medellin,electronica,223.78
3234,187,2025-12-14,Cartagena,mercado,12.3
3235,269,2025-09-11,Pereira,ropa,109.73
3236,263,2025-07-02,Cali,ropa,107.57
3237,127,2025-06-05,Medellin,electronica,1478.75
3238,58,2025-01-19,Barranquilla,ropa,26.64
3239,152,2025-10-10,Bogota,juguetes,51.82
3240,122,2025-10-14,Medellin,ropa,19.82
3241,343,2025-06-09,Medellin,mercado,16.9
3242,65,2025-01-06,Bogota,electronica,370.12
3243,131,2025-12-03,Cali,hogar,46.04
3244,127,2025-11-05,Bogota,hogar,8.41
3245,227,2025-02-21,Bucaramanga,mercado,19.78
3246,336,2025-06-13,Pereira,ropa,51.76
3247,393,2025-01-07,Cartagena,juguetes,92.55
3248,393,2025-03-20,Bucaramanga,hogar,385.58
3249,124,2025-09-08,Bogota,hogar,21.31
3250,105,2025-10-28,Cali,mercado,84.97
3251,259,2025-05-05,Cali,ropa,47.5
3252,25,2025-01-03,Bogota,mercado,120.72
3253,47,2025-05-07,Barranquilla,electronica,205.66
3254,20,2025-12-04,Bogota,electronica,337.74
3255,259,2025-05-23,Bogota,electronica,105.5
3256,104,2025-02-13,Cali,ropa,72.95
3257,120,2025-07-20,Medellin,mercado,181.53
3258,199,2025-05-06,Medellin,ropa,55.87
3259,66,2025-01-04,Medellin,hogar,568.27
3260,118,2025-08-05,Bogota,mercado,18.51
3261,389,2025-05-05,Medellin,electronica,481.86
3262,313,2025-11-24,Pereira,libros,30.76
3263,336,2025-10-26,Barranquilla,libros,105.03
3264,333,2025-10-16,Bogota,hogar,19.27
3265,118,2025-11-25,Barranquilla,ropa,96.1
3266,74,2025-03-22,Pereira,ropa,74.49
3267,146,2025-07-20,Medellin,hogar,143.6
3268,143,2025-01-25,Medellin,ropa,241.66
3269,243,2025-01-11,Medellin,ropa,162.36
3270,190,2025-09-05,Medellin,electronica,62.43
3271,225,2025-02-10,Medellin,electronica,62.39
3272,45,2025-11-23,Cali,hogar,64.08
3273,245,2025-10-18,Bogota,mercado,67.77
3274,247,2025-08-09,Pereira,electronica,93.39
3275,185,2025-03-06,Bogota,mercado,53.73
3276,182,2025-12-15,Bogota,mercado,249.57
3277,159,2025-04-20,Barranquilla,electronica,33.52
3278,395,2025-03-20,Pereira,electronica,38.75
3279,132,2025-05-01,Bucaramanga,ropa,49.56
3280,13,2025-11-11,Cali,mercado,223.61
3281,383,2025-04-12,Pereira,electronica,406.06
3282,131,2025-10-28,Medellin,mercado,42.8
3283,114,2025-06-08,Bogota,electronica,1087.93
3284,9,2025-01-04,Bogota,mercado,41.19
3285,308,2025-08-24,Bogota,ropa,96.66
3286,71,2025-02-14,Cali,mercado,192.17
3287,224,2025-01-18,Medellin,electronica,16.61
3288,90,2025-02-02,Bogota,hogar,96.36
3289,327,2025-03-16,Barranquilla,electronica,145.76
3290,235,2025-04-26,Barranquilla,libros,36.92
3291,269,2025-02-25,Bogota,mercado,11.33
3292,382,2025-12-08,Medellin,hogar,58.06
3293,16,2025-05-28,Barranquilla,hogar,174.07
3294,354,2025-12-05,Medellin,mercado,110.15
3295,63,2025-12-28,Bogota,mercado,96.65
3296,269,2025-07-05,Bogota,ropa,13.48
3297,32,2025-03-03,Bogota,ropa,19.29
3298,249,2025-09-12,Bogota,ropa,44.45
3299,306,2025-06-15,Medellin,mercado,6.05
3300,377,2025-11-13,Medellin,hogar,69.74
3301,312,2025-05-15,Bucaramanga,electronica,708.29
3302,97,2025-06-14,Medellin,ropa,29.28
3303,218,2025-04-07,Bogota,ropa,61.5
3304,267,2025-08-16,Bucaramanga,electronica,1096.73
3305,235,2025-04-10,Medellin,hogar,104.46
3306,339,2025-08-24,Medellin,electronica,394.83
3307,216,2025-04-02,Bogota,mercado,19.75
3308,215,2025-03-27,Bucaramanga,electronica,351.34
3309,355,2025-11-18,Medellin,deportes,66.48
3310,191,2025-05-03,Bogota,mercado,40.34
3311,206,2025-12-03,Medellin,deportes,281.87
3312,351,2025-03-10,Bogota,hogar,110.36
3313,247,2025-06-09,Barranquilla,ropa,33.74
3314,280,2025-06-09,Barranquilla,deportes,172.0
3315,89,2025-12-14,Medellin,electronica,458.76
3316,300,2025-04-21,Bogota,hogar,375.65
3317,140,2025-03-24,Cali,ropa,70.12
3318,232,2025-01-18,Medellin,juguetes,41.03
3319,132,2025-06-10,Bogota,electronica,155.55
3320,282,2025-03-26,Cali,mercado,151.42
3321,313,2025-03-19,Bogota,ropa,123.59
3322,135,2025-05-09,Bucaramanga,electronica,232.19
3323,182,2025-11-13,Cartagena,ropa,106.71
3324,36,2025-06-22,Bogota,hogar,237.38
3325,183,2025-09-02,Medellin,ropa,10.59
3326,303,2025-07-16,Bogota,mercado,10.91
3327,141,2025-09-04,Bucaramanga,libros,63.71
3328,152,2025-09-25,Bogota,ropa,175.48
3329,150,2025-07-03,Medellin,mercado,45.15
3330,400,2025-11-21,Pereira,hogar,355.07
3331,273,2025-01-14,Medellin,hogar,223.63
3332,355,2025-07-01,Bucaramanga,juguetes,29.25
3333,24,2025-06-28,Bogota,electronica,303.76
3334,258,2025-04-11,Medellin,deportes,117.69
3335,168,2025-04-14,Bogota,ropa,38.47
3336,3,2025-09-21,Bogota,deportes,48.12
3337,240,2025-12-18,Bogota,mercado,24.43
3338,308,2025-07-01,Medellin,mercado,33.89
3339,325,2025-08-05,Bogota,mercado,97.77
3340,328,2025-09-04,Bogota,electronica,90.13
3341,229,2025-04-17,Cartagena,libros,88.56
3342,50,2025-10-18,Bogota,mercado,17.0
3343,201,2025-05-27,Cali,hogar,51.67
3344,122,2025-09-07,Bogota,ropa,27.52
3345,41,2025-05-01,Bogota,ropa,57.22
3346,246,2025-04-24,Medellin,mercado,31.64
3347,127,2025-05-01,Bucaramanga,electronica,395.67
3348,261,2025-12-06,Bogota,mercado,11.51
3349,345,2025-07-24,Bogota,ropa,85.86
3350,50,2025-01-18,Medellin,ropa,76.5
3351,59,2025-12-19,Cartagena,ropa,24.31
3352,216,2025-08-05,Medellin,deportes,35.67
3353,133,2025-08-05,Medellin,electronica,305.25
3354,391,2025-12-05,Medellin,mercado,37.57
3355,310,2025-07-04,Cali,mercado,60.0
3356,355,2025-08-26,Cali,ropa,195.27
3357,14,2025-07-25,Bogota,electronica,20.68
3358,181,2025-08-18,Cali,ropa,114.96
3359,233,2025-06-22,Bogota,libros,70.44
3360,216,2025-05-19,Cali,hogar,36.44
3361,272,2025-11-24,Medellin,mercado,5.28
3362,21,2025-07-22,Cali,mercado,21.14
3363,277,2025-12-02,Cali,libros,11.87
3364,304,2025-04-25,Bogota,mercado,160.38
3365,234,2025-04-24,Medellin,libros,59.78
3366,248,2025-07-07,Bogota,hogar,99.94
3367,237,2025-07-18,Pereira,deportes,112.68
3368,51,2025-06-05,Medellin,deportes,101.52
3369,287,2025-11-26,Cali,electronica,132.45
3370,277,2025-02-10,Medellin,hogar,9.46
3371,248,2025-12-10,Barranquilla,ropa,67.48
3372,40,2025-12-22,Medellin,mercado,169.22
3373,152,2025-02-03,Pereira,deportes,32.06
3374,177,2025-08-17,Pereira,electronica,45.37
3375,170,2025-04-03,Medellin,electronica,342.77
3376,300,2025-01-18,Medellin,mercado,15.61
3377,344,2025-12-09,Bogota,ropa,46.97
3378,15,2025-01-05,Barranquilla,juguetes,53.78
3379,38,2025-05-01,Bogota,mercado,90.6
3380,71,2025-03-04,Pereira,hogar,18.11
3381,57,2025-10-03,Bogota,electronica,1389.87
3382,342,2025-11-14,Bogota,ropa,81.08
3383,190,2025-04-23,Medellin,libros,54.16
3384,55,2025-01-13,Bogota,mercado,50.1
3385,56,2025-08-06,Medellin,ropa,14.14
3386,255,2025-11-06,Medellin,electronica,13.3
3387,123,2025-07-24,Medellin,deportes,45.86
3388,304,2025-08-05,Cali,electronica,19.85
3389,236,2025-03-01,Bogota,electronica,19.67
3390,251,2025-11-12,Medellin,ropa,56.84
3391,289,2025-09-24,Cali,electronica,53.64
3392,120,2025-04-07,Cali,electronica,99.02
3393,222,2025-06-11,Barranquilla,electronica,373.87
3394,283,2025-06-06,Bogota,hogar,87.47
3395,212,2025-11-10,Cali,hogar,213.01
3396,66,2025-11-11,Bogota,hogar,55.83
3397,22,2025-07-24,Cali,electronica,332.06
3398,1,2025-01-02,Medellin,libros,7.03
3399,371,2025-08-03,Cali,hogar,38.11
3400,391,2025-03-06,Medellin,juguetes,131.96
3401,285,2025-08-20,Pereira,ropa,74.33
3402,117,2025-12-06,Medellin,hogar,104.35
3403,250,2025-08-19,Medellin,hogar,82.39
3404,164,2025-10-20,Medellin,mercado,45.51
3405,173,2025-11-02,Bogota,ropa,88.72
3406,198,2025-04-15,Bogota,hogar,158.72
3407,298,2025-10-21,Bucaramanga,hogar,37.41
3408,98,2025-06-16,Bogota,ropa,65.82
3409,363,2025-01-08,Bogota,mercado,68.0
3410,328,2025-12-09,Cali,electronica,303.98
3411,371,2025-03-07,Medellin,electronica,405.85
3412,305,2025-03-22,Medellin,libros,64.11
3413,348,2025-07-09,Bogota,libros,24.5
3414,179,2025-06-24,Bogota,electronica,175.93
3415,291,2025-09-21,Bogota,mercado,69.11
3416,282,2025-11-09,Bogota,mercado,76.76
3417,159,2025-02-04,Bogota,electronica,398.92
3418,368,2025-03-04,Medellin,deportes,5.21
3419,385,2025-08-04,Medellin,hogar,99.82
3420,90,2025-07-22,Barranquilla,juguetes,22.78
3421,150,2025-11-27,Bogota,mercado,62.2
3422,128,2025-07-16,Medellin,ropa,92.06
3423,54,2025-02-16,Medellin,hogar,23.03
3424,94,2025-02-10,Cali,electronica,339.93
3425,13,2025-11-19,Medellin,electronica,66.64
3426,334,2025-01-14,Bogota,electronica,282.11
3427,104,2025-09-04,Bogota,electronica,63.32
3428,291,2025-12-05,Bogota,mercado,36.52
3429,38,2025-09-20,Cartagena,juguetes,15.06
3430,167,2025-02-18,Cali,ropa,17.61
3431,64,2025-10-12,Barranquilla,mercado,145.78
3432,241,2025-02-07,Bogota,mercado,18.7
3433,35,2025-03-02,Bogota,ropa,34.02
3434,135,2025-03-26,Bucaramanga,electronica,733.0
3435,269,2025-03-12,Barranquilla,mercado,223.16
3436,221,2025-11-27,Cartagena,electronica,84.89
3437,201,2025-02-08,Medellin,deportes,225.65
3438,329,2025-01-04,Medellin,ropa,62.12
3439,70,2025-03-18,Cali,electronica,79.8
3440,1,2025-03-14,Bogota,electronica,63.13
3441,305,2025-03-21,Bogota,deportes,76.87
3442,107,2025-01-09,Cali,deportes,18.0
3443,136,2025-04-01,Bogota,deportes,72.2
3444,239,2025-03-03,Bogota,mercado,108.19
3445,400,2025-08-01,Medellin,ropa,28.34
3446,53,2025-09-21,Medellin,libros,79.96
3447,360,2025-02-18,Medellin,electronica,254.67
3448,37,2025-04-17,Medellin,hogar,105.29
3449,177,2025-07-27,Cali,mercado,152.34
3450,178,2025-08-13,Medellin,hogar,27.94
3451,9,2025-08-06,Medellin,hogar,90.61
3452,166,2025-10-06,Bogota,hogar,24.5
3453,11,2025-01-28,Medellin,electronica,212.18
3454,64,2025-10-24,Bogota,hogar,278.29
3455,82,2025-02-13,Bogota,mercado,18.04
3456,13,2025-10-24,Bogota,electronica,274.42
3457,247,2025-06-03,Medellin,hogar,17.28
3458,17,2025-08-17,Cali,hogar,18.49
3459,185,2025-07-11,Bogota,electronica,150.35
3460,24,2025-09-26,Bogota,mercado,12.89
3461,32,2025-03-19,Bogota,hogar,152.7
3462,97,2025-08-21,Medellin,ropa,169.7
3463,201,2025-11-27,Barranquilla,electronica,1097.25
3464,286,2025-02-15,Bogota,electronica,40.51
3465,277,2025-11-20,Bogota,hogar,183.22
3466,5,2025-09-21,Bogota,ropa,238.6
3467,284,2025-09-27,Bogota,hogar,77.93
3468,141,2025-10-14,Medellin,hogar,34.48
3469,332,2025-09-24,Bogota,ropa,144.58
3470,366,2025-09-13,Medellin,ropa,9.31
3471,25,2025-07-06,Medellin,mercado,80.44
3472,334,2025-03-10,Medellin,mercado,43.56
3473,207,2025-07-28,Bogota,ropa,10.59
3474,349,2025-02-27,Bogota,mercado,30.53
3475,296,2025-11-13,Barranquilla,deportes,24.74
3476,207,2025-09-27,Medellin,electronica,847.57
3477,177,2025-04-17,Bogota,electronica,598.89
3478,96,2025-09-18,Medellin,hogar,77.0
3479,120,2025-07-15,Barranquilla,hogar,72.55
3480,172,2025-06-23,Bogota,electronica,301.86
3481,339,2025-08-15,Cali,hogar,185.17
3482,224,2025-04-10,Bogota,mercado,83.74
3483,218,2025-08-10,Medellin,hogar,40.75
3484,116,2025-03-13,Cali,mercado,25.81
3485,153,2025-07-07,Medellin,mercado,20.64
3486,76,2025-01-14,Bogota,ropa,54.52
3487,173,2025-05-14,Bogota,mercado,21.3
3488,60,2025-01-14,Medellin,electronica,159.07
3489,74,2025-03-15,Bogota,mercado,16.65
3490,26,2025-09-06,Barranquilla,hogar,64.92
3491,115,2025-06-01,Bucaramanga,ropa,215.5
3492,371,2025-04-25,Cartagena,ropa,298.96
3493,32,2025-01-15,Bogota,hogar,223.46
3494,259,2025-03-16,Bogota,deportes,718.07
3495,96,2025-08-07,Bogota,deportes,59.26
3496,395,2025-03-27,Medellin,hogar,130.53
3497,184,2025-08-11,Pereira,ropa,22.07
3498,203,2025-09-17,Medellin,mercado,8.24
3499,260,2025-01-11,Cali,hogar,44.56
3500,112,2025-02-17,Bogota,hogar,206.07
3501,216,2025-11-23,Bogota,ropa,22.1
3502,142,2025-07-11,Medellin,electronica,17.14
3503,148,2025-11-16,Bogota,hogar,122.94
3504,227,2025-12-28,Medellin,mercado,495.8
3505,15,2025-12-25,Medellin,mercado,30.22
3506,117,2025-01-17,Bogota,libros,10.74
3507,254,2025-06-26,Cali,libros,45.83
3508,163,2025-10-07,Cartagena,libros,49.06
3509,280,2025-05-04,Bogota,hogar,6.68
3510,141,2025-08-06,Bogota,mercado,60.78
3511,191,2025-03-15,Medellin,ropa,28.45
3512,106,2025-02-25,Cartagena,hogar,160.48
3513,289,2025-10-19,Bogota,electronica,231.05
3514,255,2025-04-26,Bogota,ropa,29.0
3515,390,2025-10-03,Pereira,ropa,55.4
3516,187,2025-04-14,Barranquilla,electronica,309.31
3517,371,2025-08-11,Bogota,ropa,140.02
3518,153,2025-09-22,Bucaramanga,ropa,23.23
3519,100,2025-09-12,Cali,libros,146.74
3520,238,2025-06-21,Cali,libros,28.07
3521,251,2025-11-03,Medellin,hogar,84.5
3522,335,2025-03-05,Bogota,libros,40.27
3523,322,2025-11-09,Barranquilla,mercado,33.06
3524,202,2025-08-06,Cali,mercado,44.12
3525,289,2025-02-04,Bogota,juguetes,51.42
3526,108,2025-12-20,Bogota,ropa,8.17
3527,214,2025-07-14,Bogota,hogar,199.13
3528,26,2025-05-01,Medellin,hogar,257.35
3529,262,2025-03-07,Medellin,electronica,526.37
3530,77,2025-09-20,Bogota,hogar,468.78
3531,343,2025-06-07,Bogota,ropa,67.48
3532,215,2025-06-19,Barranquilla,hogar,38.15
3533,228,2025-10-15,Bogota,electronica,95.05
3534,32,2025-04-22,Medellin,electronica,7.03
3535,37,2025-09-02,Bogota,mercado,45.09
3536,162,2025-01-02,Bogota,hogar,86.83
3537,209,2025-10-02,Cali,electronica,126.32
3538,117,2025-10-27,Medellin,juguetes,10.0
3539,20,2025-12-19,Bogota,ropa,142.74
3540,62,2025-10-16,Barranquilla,libros,17.79
3541,324,2025-03-12,Bogota,ropa,165.84
3542,228,2025-01-26,Medellin,mercado,23.19
3543,216,2025-12-19,Medellin,mercado,108.66
3544,280,2025-05-09,Bogota,hogar,95.0
3545,269,2025-11-26,Barranquilla,ropa,74.44
3546,194,2025-06-03,Bogota,electronica,21.23
3547,306,2025-02-01,Medellin,hogar,102.87
3548,152,2025-11-05,Barranquilla,ropa,81.2
3549,259,2025-06-25,Bogota,hogar,28.7
3550,376,2025-07-11,Cartagena,hogar,139.64
3551,322,2025-06-02,Bogota,deportes,5.97
3552,262,2025-09-26,Bogota,electronica,239.16
3553,304,2025-11-03,Bogota,hogar,82.88
3554,301,2025-06-28,Bogota,ropa,88.98
3555,329,2025-10-24,Bogota,juguetes,33.09
3556,14,2025-07-17,Medellin,libros,40.72
3557,269,2025-10-02,Bucaramanga,electronica,299.75
3558,119,2025-03-27,Cali,mercado,51.36
3559,237,2025-11-28,Medellin,electronica,60.04
3560,282,2025-12-10,Bogota,mercado,65.06
3561,9,2025-03-14,Bogota,hogar,141.36
3562,328,2025-11-13,Medellin,juguetes,167.88
3563,207,2025-10-16,Cartagena,ropa,149.84
3564,69,2025-06-03,Bogota,mercado,11.42
3565,64,2025-07-13,Bogota,libros,37.55
3566,142,2025-06-18,Medellin,electronica,224.38
3567,270,2025-08-26,Medellin,mercado,96.86
3568,146,2025-11-02,Bogota,hogar,239.7
3569,121,2025-05-13,Barranquilla,juguetes,78.03
3570,177,2025-05-08,Barranquilla,electronica,196.14
3571,284,2025-09-01,Bogota,mercado,145.88
3572,124,2025-03-20,Bogota,electronica,94.01
3573,8,2025-01-03,Medellin,mercado,188.12
3574,283,2025-12-02,Cali,electronica,18.61
3575,293,2025-10-09,Medellin,hogar,52.55
3576,121,2025-07-02,Bogota,hogar,328.48
3577,132,2025-08-09,Bucaramanga,juguetes,15.58
3578,91,2025-10-10,Medellin,electronica,270.85
3579,261,2025-04-21,Bogota,electronica,154.52
3580,31,2025-12-19,Medellin,libros,20.02
3581,241,2025-12-22,Bucaramanga,ropa,21.24
3582,113,2025-08-27,Bogota,deportes,73.91
3583,222,2025-04-04,Cali,ropa,10.01
3584,39,2025-04-07,Bogota,ropa,11.25
3585,295,2025-04-09,Medellin,hogar,48.29
3586,176,2025-01-14,Cartagena,electronica,402.01
3587,176,2025-05-01,Barranquilla,hogar,110.1
3588,300,2025-05-26,Medellin,ropa,149.23
3589,396,2025-02-05,Medellin,juguetes,37.14
3590,46,2025-08-05,Cali,ropa,11.6
3591,26,2025-08-21,Medellin,ropa,60.42
3592,19,2025-08-22,Cartagena,ropa,97.55
3593,90,2025-09-21,Cali,mercado,161.72
3594,159,2025-11-27,Medellin,electronica,234.69
3595,302,2025-12-24,Medellin,electronica,165.16
3596,96,2025-08-22,Medellin,mercado,64.59
3597,317,2025-08-23,Medellin,electronica,279.24
3598,138,2025-12-26,Cali,deportes,107.18
3599,65,2025-02-11,Bogota,electronica,13.42
3600,115,2025-01-04,Medellin,libros,34.88
3601,91,2025-01-15,Cartagena,ropa,394.2
3602,131,2025-06-02,Bogota,juguetes,25.99
3603,24,2025-01-18,Medellin,electronica,23.23
3604,36,2025-03-07,Bogota,ropa,135.28
3605,397,2025-01-04,Medellin,electronica,211.95
3606,146,2025-02-06,Cartagena,electronica,329.09
3607,280,2025-12-07,Bogota,mercado,185.41
3608,356,2025-03-01,Bogota,juguetes,109.47
3609,81,2025-04-16,Medellin,libros,13.97
3610,195,2025-03-01,Barranquilla,hogar,15.32
3611,131,2025-10-27,Cali,electronica,384.4
3612,56,2025-07-21,Bogota,electronica,381.05
3613,181,2025-06-17,Bogota,mercado,34.73
3614,259,2025-10-23,Bogota,ropa,9.59
3615,60,2025-04-28,Cali,electronica,439.65
3616,43,2025-08-01,Bogota,libros,67.9
3617,63,2025-07-21,Bogota,libros,7.37
3618,69,2025-05-06,Medellin,electronica,95.72
3619,349,2025-09-11,Bogota,mercado,42.46
3620,266,2025-07-08,Medellin,ropa,19.31
3621,236,2025-03-19,Cali,electronica,519.98
3622,107,2025-02-01,Cali,deportes,56.47
3623,92,2025-08-20,Bogota,ropa,24.79
3624,31,2025-08-08,Medellin,libros,45.42
3625,18,2025-08-20,Cartagena,ropa,129.88
3626,90,2025-12-20,Medellin,juguetes,53.16
3627,157,2025-10-21,Cali,mercado,59.66
3628,268,2025-07-11,Bogota,ropa,120.38
3629,296,2025-09-27,Medellin,hogar,66.58
3630,372,2025-04-18,Medellin,ropa,154.12
3631,126,2025-12-10,Bogota,electronica,583.78
3632,15,2025-10-28,Bogota,hogar,72.32
3633,200,2025-12-19,Cali,electronica,193.45
3634,372,2025-10-16,Bogota,electronica,427.54
3635,352,2025-03-05,Medellin,hogar,111.53
3636,310,2025-02-25,Bogota,ropa,44.35
3637,163,2025-07-03,Bogota,ropa,149.93
3638,325,2025-08-06,Bogota,mercado,20.83
3639,41,2025-08-25,Bogota,deportes,55.93
3640,97,2025-03-23,Bogota,electronica,324.32
3641,112,2025-07-15,Medellin,ropa,29.53
3642,169,2025-01-24,Bogota,hogar,235.38
3643,305,2025-05-09,Barranquilla,mercado,79.42
3644,15,2025-07-14,Medellin,electronica,338.41
3645,294,2025-02-05,Bogota,hogar,116.74
3646,109,2025-10-22,Bogota,ropa,105.72
3647,333,2025-02-10,Bogota,electronica,74.52
3648,254,2025-01-22,Cartagena,ropa,57.03
3649,211,2025-07-19,Cali,electronica,27.89
3650,313,2025-10-15,Cali,mercado,18.49
3651,221,2025-06-22,Bogota,electronica,299.3
3652,287,2025-03-27,Bogota,ropa,60.67
3653,144,2025-06-24,Barranquilla,electronica,61.85
3654,195,2025-04-17,Cali,electronica,65.89
3655,306,2025-08-27,Cali,hogar,100.31
3656,68,2025-03-04,Cali,hogar,185.17
3657,355,2025-02-05,Bogota,electronica,56.57
3658,218,2025-06-10,Medellin,ropa,70.82
3659,89,2025-12-26,Barranquilla,electronica,14.99
3660,39,2025-11-01,Bogota,mercado,52.48
3661,3,2025-12-28,Cartagena,electronica,119.87
3662,334,2025-12-21,Medellin,ropa,7.96
3663,346,2025-02-27,Cali,electronica,481.62
3664,1,2025-07-12,Bogota,ropa,78.15
3665,257,2025-01-25,Bogota,hogar,348.56
3666,217,2025-08-28,Medellin,mercado,34.93
3667,231,2025-07-01,Bogota,mercado,57.36
3668,42,2025-04-07,Medellin,ropa,6.07
3669,85,2025-11-03,Medellin,ropa,35.79
3670,182,2025-06-25,Bogota,ropa,19.71
3671,162,2025-03-06,Bogota,mercado,153.66
3672,398,2025-02-11,Medellin,juguetes,5.37
3673,250,2025-05-14,Bogota,ropa,301.14
3674,162,2025-05-13,Bogota,mercado,12.69
3675,63,2025-10-18,Pereira,hogar,87.79
3676,359,2025-04-02,Bogota,electronica,466.59
3677,42,2025-10-12,Bogota,ropa,41.61
3678,34,2025-05-25,Bogota,hogar,128.81
3679,282,2025-12-02,Bogota,deportes,8.15
3680,156,2025-07-14,Barranquilla,ropa,63.28
3681,208,2025-04-15,Bogota,libros,57.13
3682,102,2025-03-08,Bogota,juguetes,50.15
3683,240,2025-11-07,Bogota,electronica,144.02
3684,184,2025-07-21,Medellin,electronica,34.25
3685,13,2025-09-26,Bogota,hogar,291.44
3686,224,2025-10-13,Cartagena,hogar,18.99
3687,225,2025-07-02,Cali,libros,62.84
3688,59,2025-02-07,Cartagena,electronica,91.72
3689,179,2025-11-08,Cali,mercado,62.0
3690,351,2025-08-17,Medellin,mercado,136.81
3691,77,2025-11-27,Bogota,ropa,158.33
3692,270,2025-06-14,Bogota,hogar,180.5
3693,150,2025-10-09,Cali,ropa,66.2
3694,371,2025-09-22,Bogota,ropa,9.31
3695,375,2025-04-22,Medellin,mercado,14.92
3696,362,2025-04-25,Cartagena,hogar,81.84
3697,300,2025-05-07,Medellin,ropa,50.66
3698,51,2025-09-27,Cali,mercado,128.81
3699,166,2025-01-03,Medellin,deportes,292.25
3700,287,2025-04-15,Cartagena,juguetes,49.66
3701,302,2025-10-16,Medellin,deportes,90.53
3702,384,2025-12-24,Bogota,deportes,117.49
3703,246,2025-02-23,Bogota,ropa,133.8
3704,216,2025-07-20,Medellin,electronica,194.96
3705,172,2025-04-03,Bogota,libros,34.2
3706,60,2025-08-02,Medellin,mercado,13.77
3707,255,2025-05-10,Bogota,electronica,360.19
3708,332,2025-09-07,Bogota,ropa,5.33
3709,17,2025-01-10,Medellin,mercado,57.29
3710,326,2025-11-26,Cali,electronica,124.39
3711,284,2025-04-05,Barranquilla,electronica,160.92
3712,246,2025-02-16,Bogota,mercado,93.49
3713,347,2025-04-14,Medellin,electronica,175.67
3714,287,2025-01-10,Medellin,mercado,10.84
3715,133,2025-05-01,Bogota,juguetes,44.45
3716,97,2025-01-17,Barranquilla,ropa,391.41
3717,107,2025-01-19,Bogota,mercado,81.51
3718,69,2025-10-24,Cali,hogar,132.37
3719,156,2025-04-23,Cali,ropa,172.33
3720,291,2025-07-24,Medellin,libros,18.41
3721,345,2025-09-20,Bogota,electronica,140.33
3722,37,2025-10-27,Barranquilla,hogar,71.09
3723,111,2025-06-22,Cali,ropa,23.65
3724,155,2025-08-16,Cali,mercado,98.89
3725,23,2025-08-18,Cali,hogar,7.43
3726,241,2025-06-06,Bogota,deportes,210.65
3727,133,2025-04-08,Cali,deportes,190.68
3728,61,2025-05-23,Cali,libros,44.75
3729,28,2025-07-27,Bogota,mercado,70.56
3730,159,2025-09-11,Medellin,mercado,33.0
3731,365,2025-03-17,Bogota,electronica,92.36
3732,31,2025-05-08,Bogota,ropa,34.93
3733,229,2025-05-27,Bogota,ropa,150.38
3734,266,2025-06-09,Bogota,mercado,27.46
3735,368,2025-07-04,Bucaramanga,electronica,36.18
3736,225,2025-04-15,Medellin,electronica,352.94
3737,399,2025-02-14,Barranquilla,mercado,10.2
3738,139,2025-09-19,Medellin,ropa,87.07
3739,95,2025-06-04,Medellin,mercado,61.34
3740,390,2025-04-01,Bogota,ropa,46.25
3741,323,2025-03-13,Cartagena,mercado,7.43
3742,188,2025-12-05,Cali,electronica,33.57
3743,19,2025-06-06,Bogota,ropa,13.01
3744,335,2025-04-27,Bogota,mercado,58.86
3745,74,2025-02-21,Medellin,electronica,594.01
3746,146,2025-03-12,Bogota,hogar,357.46
3747,331,2025-11-06,Bogota,ropa,38.14
3748,235,2025-07-25,Cali,electronica,112.78
3749,27,2025-05-08,Medellin,libros,61.4
3750,181,2025-03-12,Bogota,libros,11.64
3751,188,2025-07-16,Bogota,mercado,91.54
3752,146,2025-05-06,Medellin,electronica,169.11
3753,162,2025-06-12,Pereira,ropa,40.84
3754,354,2025-05-22,Bucaramanga,mercado,131.66
3755,59,2025-06-19,Medellin,hogar,29.96
3756,391,2025-06-05,Cali,mercado,151.39
3757,64,2025-07-27,Medellin,electronica,142.86
3758,341,2025-05-23,Cali,deportes,72.52
3759,128,2025-06-15,Barranquilla,electronica,82.66
3760,196,2025-01-01,Cali,electronica,42.55
3761,159,2025-03-02,Cali,deportes,143.94
3762,101,2025-10-28,Bogota,hogar,24.66
3763,319,2025-09-19,Cali,ropa,34.25
3764,294,2025-02-15,Bogota,ropa,58.51
3765,170,2025-10-10,Bogota,libros,11.48
3766,78,2025-08-01,Medellin,mercado,53.22
3767,381,2025-10-04,Bogota,mercado,5.6
3768,76,2025-07-02,Bogota,electronica,542.56
3769,316,2025-06-10,Bogota,electronica,501.55
3770,303,2025-11-06,Bogota,electronica,701.83
3771,301,2025-06-16,Bogota,juguetes,116.51
3772,187,2025-07-27,Bogota,mercado,23.52
3773,126,2025-01-26,Cali,electronica,318.54
3774,67,2025-06-11,Cali,mercado,65.48
3775,105,2025-04-27,Bogota,libros,51.6
3776,75,2025-04-22,Medellin,ropa,125.66
3777,394,2025-11-04,Bogota,libros,22.31
3778,215,2025-12-08,Bogota,ropa,56.05
3779,171,2025-03-04,Medellin,electronica,5.11
3780,390,2025-12-20,Pereira,electronica,95.97
3781,230,2025-09-23,Cali,ropa,32.54
3782,169,2025-11-09,Bogota,mercado,71.36
3783,120,2025-01-17,Medellin,libros,40.42
3784,131,2025-11-21,Bogota,libros,25.8
3785,396,2025-05-03,Bogota,ropa,95.05
3786,37,2025-12-11,Cali,ropa,27.59
3787,117,2025-01-11,Cali,mercado,73.64
3788,232,2025-09-11,Medellin,ropa,57.71
3789,181,2025-01-14,Medellin,hogar,199.64
3790,83,2025-07-14,Bogota,hogar,179.78
3791,253,2025-03-21,Cali,ropa,225.22
3792,20,2025-06-08,Bucaramanga,electronica,280.39
3793,153,2025-04-13,Medellin,hogar,80.04
3794,48,2025-03-23,Bogota,ropa,118.96
3795,2,2025-07-16,Barranquilla,electronica,354.79
3796,350,2025-10-24,Bogota,hogar,66.83
3797,27,2025-12-14,Bogota,mercado,10.21
3798,360,2025-09-08,Bogota,hogar,86.6
3799,369,2025-04-08,Medellin,juguetes,129.0
3800,283,2025-12-09,Bogota,juguetes,9.4
3801,63,2025-02-02,Medellin,deportes,7.5
3802,329,2025-12-09,Medellin,ropa,35.79
3803,158,2025-10-06,Bogota,mercado,95.4
3804,370,2025-12-12,Medellin,juguetes,39.39
3805,114,2025-12-20,Barranquilla,deportes,49.21
3806,37,2025-11-25,Bogota,hogar,22.98
3807,95,2025-06-06,Barranquilla,deportes,249.6
3808,374,2025-10-08,Pereira,electronica,551.41
3809,189,2025-04-26,Bogota,mercado,60.43
3810,96,2025-08-07,Bogota,hogar,35.72
3811,71,2025-01-09,Bogota,electronica,383.16
3812,57,2025-11-18,Barranquilla,hogar,254.54
3813,154,2025-06-18,Medellin,hogar,40.33
3814,346,2025-07-27,Bogota,ropa,27.41
3815,22,2025-04-01,Bogota,electronica,31.53
3816,213,2025-02-03,Bucaramanga,hogar,307.94
3817,134,2025-02-07,Medellin,electronica,226.82
3818,75,2025-02-25,Cali,hogar,237.79
3819,141,2025-11-12,Bogota,ropa,150.86
3820,229,2025-11-05,Medellin,hogar,432.56
3821,19,2025-11-26,Bogota,juguetes,19.68
3822,246,2025-10-22,Barranquilla,hogar,147.09
3823,341,2025-02-09,Medellin,mercado,127.98
3824,336,2025-01-22,Bogota,mercado,46.73
3825,42,2025-07-06,Bogota,electronica,553.22
3826,58,2025-11-21,Bogota,electronica,555.85
3827,361,2025-01-14,Medellin,libros,8.86
3828,296,2025-07-28,Medellin,mercado,41.42
3829,304,2025-09-27,Bogota,electronica,52.15
3830,106,2025-09-20,Bucaramanga,electronica,111.92
3831,48,2025-08-24,Medellin,hogar,40.24
3832,8,2025-05-10,Cartagena,mercado,106.67
3833,39,2025-10-26,Medellin,ropa,58.21
3834,98,2025-09-22,Cartagena,electronica,108.99
3835,114,2025-02-15,Bogota,hogar,233.11
3836,277,2025-09-04,Cali,hogar,39.42
3837,393,2025-07-05,Cali,mercado,167.44
3838,205,2025-07-11,Bogota,deportes,28.99
3839,98,2025-01-06,Barranquilla,ropa,30.29
3840,144,2025-11-10,Cali,electronica,375.99
3841,185,2025-04-02,Cali,ropa,32.94
3842,167,2025-04-01,Bogota,electronica,123.58
3843,34,2025-01-10,Cali,juguetes,80.86
3844,99,2025-11-16,Medellin,ropa,8.46
3845,116,2025-02-08,Cartagena,electronica,561.71
3846,306,2025-09-24,Bogota,ropa,80.68
3847,373,2025-04-22,Bogota,mercado,79.79
3848,156,2025-03-04,Cali,mercado,76.55
3849,325,2025-01-15,Medellin,mercado,34.28
3850,136,2025-08-09,Cali,ropa,14.57
3851,170,2025-04-01,Cartagena,electronica,217.26
3852,156,2025-03-14,Cali,hogar,474.31
3853,208,2025-06-23,Medellin,deportes,34.78
3854,109,2025-12-09,Bogota,ropa,46.23
3855,103,2025-02-04,Medellin,libros,22.61
3856,205,2025-01-19,Cali,ropa,235.0
3857,96,2025-10-18,Bucaramanga,electronica,353.51
3858,143,2025-02-14,Medellin,libros,10.16
3859,335,2025-08-08,Pereira,ropa,26.64
3860,289,2025-05-12,Medellin,mercado,12.26
3861,1,2025-08-16,Medellin,ropa,34.67
3862,100,2025-12-10,Cartagena,ropa,13.15
3863,386,2025-07-28,Medellin,electronica,917.95
3864,268,2025-05-25,Medellin,juguetes,118.38
3865,31,2025-02-25,Bucaramanga,mercado,134.72
3866,25,2025-10-08,Medellin,electronica,53.02
3867,54,2025-08-04,Medellin,mercado,19.4
3868,363,2025-02-03,Cali,electronica,55.5
3869,138,2025-02-13,Medellin,mercado,36.5
3870,194,2025-11-25,Bogota,juguetes,16.14
3871,255,2025-11-03,Bucaramanga,electronica,524.54
3872,224,2025-08-10,Medellin,hogar,208.51
3873,286,2025-07-14,Cali,electronica,629.84
3874,150,2025-03-23,Cali,electronica,586.01
3875,91,2025-09-17,Medellin,electronica,72.34
3876,396,2025-03-22,Cali,ropa,9.49
3877,142,2025-10-09,Medellin,hogar,135.33
3878,303,2025-01-03,Medellin,mercado,29.74
3879,394,2025-10-10,Medellin,hogar,12.15
3880,354,2025-05-08,Barranquilla,electronica,324.91
3881,92,2025-11-11,Bogota,ropa,20.21
3882,31,2025-03-25,Barranquilla,hogar,85.85
3883,368,2025-01-10,Bogota,mercado,26.14
3884,41,2025-11-22,Bogota,hogar,308.68
3885,352,2025-03-21,Bogota,juguetes,75.81
3886,146,2025-02-01,Bogota,electronica,354.44
3887,10,2025-07-16,Barranquilla,hogar,163.18
3888,93,2025-01-25,Barranquilla,ropa,136.39
3889,293,2025-05-07,Medellin,mercado,6.9
3890,166,2025-08-04,Cali,ropa,20.14
3891,370,2025-08-06,Cali,hogar,265.64
3892,292,2025-09-11,Bucaramanga,deportes,84.8
3893,292,2025-03-20,Bogota,mercado,80.08
3894,385,2025-06-13,Pereira,electronica,858.94
3895,103,2025-12-01,Cali,electronica,26.03
3896,265,2025-05-10,Bogota,hogar,204.47
3897,55,2025-11-09,Medellin,ropa,46.17
3898,300,2025-01-28,Bogota,ropa,84.96
3899,221,2025-06-02,Bogota,hogar,17.59
3900,116,2025-05-17,Medellin,libros,28.95
3901,63,2025-03-26,Medellin,electronica,197.72
3902,24,2025-12-11,Cartagena,ropa,33.5
3903,311,2025-04-06,Bogota,electronica,16.29
3904,286,2025-10-01,Medellin,electronica,192.72
3905,224,2025-02-21,Bucaramanga,electronica,372.27
3906,213,2025-02-12,Medellin,electronica,109.66
3907,260,2025-12-04,Cali,electronica,575.04
3908,297,2025-03-02,Bogota,hogar,92.74
3909,210,2025-08-15,Bogota,electronica,156.02
3910,173,2025-07-10,Cali,ropa,97.57
3911,45,2025-06-27,Bogota,juguetes,8.79
3912,237,2025-09-08,Medellin,mercado,66.06
3913,62,2025-02-07,Medellin,mercado,63.0
3914,254,2025-05-26,Cali,electronica,42.47
3915,42,2025-07-23,Medellin,mercado,33.29
3916,190,2025-03-24,Pereira,electronica,281.87
3917,7,2025-01-24,Bucaramanga,ropa,62.14
3918,336,2025-04-13,Medellin,electronica,10.92
3919,96,2025-11-21,Bucaramanga,ropa,214.05
3920,236,2025-04-03,Bogota,electronica,126.0
3921,376,2025-08-18,Bogota,electronica,375.18
3922,365,2025-09-12,Bogota,deportes,34.5
3923,33,2025-01-21,Cartagena,hogar,146.33
3924,307,2025-04-04,Barranquilla,mercado,34.71
3925,205,2025-03-15,Bogota,mercado,53.01
3926,263,2025-09-23,Barranquilla,electronica,731.12
3927,302,2025-04-27,Medellin,hogar,160.19
3928,272,2025-02-03,Bogota,ropa,338.33
3929,146,2025-10-12,Bogota,hogar,183.42
3930,7,2025-10-10,Medellin,mercado,252.26
3931,342,2025-05-26,Medellin,ropa,5.29
3932,138,2025-12-25,Bucaramanga,electronica,319.7
3933,137,2025-02-08,Bogota,hogar,40.07
3934,123,2025-04-19,Bogota,ropa,13.51
3935,210,2025-10-14,Cali,ropa,156.27
3936,308,2025-11-09,Bogota,ropa,108.57
3937,241,2025-01-04,Bogota,electronica,43.16
3938,81,2025-12-05,Bucaramanga,electronica,164.57
3939,352,2025-11-13,Bogota,ropa,28.71
3940,74,2025-05-15,Medellin,libros,54.45
3941,202,2025-12-23,Bogota,ropa,22.05
3942,396,2025-05-01,Barranquilla,libros,63.98
3943,359,2025-07-12,Cali,deportes,28.23
3944,178,2025-07-17,Medellin,deportes,68.43
3945,237,2025-06-13,Bogota,ropa,76.96
3946,346,2025-08-20,Bucaramanga,electronica,648.59
3947,313,2025-02-10,Medellin,electronica,422.23
3948,360,2025-03-21,Cartagena,electronica,237.66
3949,168,2025-05-16,Bogota,mercado,110.79
3950,16,2025-09-17,Cali,hogar,14.77
3951,106,2025-04-03,Medellin,electronica,205.58
3952,33,2025-10-20,Medellin,electronica,110.87
3953,258,2025-11-18,Cali,libros,31.92
3954,260,2025-11-01,Bogota,hogar,147.04
3955,310,2025-07-25,Pereira,electronica,91.15
3956,327,2025-02-10,Cali,deportes,152.8
3957,386,2025-01-03,Cali,mercado,75.6
3958,22,2025-02-10,Bogota,mercado,34.17
3959,110,2025-11-08,Bogota,deportes,117.33
3960,109,2025-06-06,Bogota,electronica,394.78
3961,317,2025-01-27,Bogota,electronica,256.62
3962,256,2025-09-12,Medellin,mercado,45.02
3963,227,2025-03-16,Medellin,mercado,36.6
3964,74,2025-12-17,Barranquilla,deportes,189.54
3965,312,2025-12-21,Barranquilla,mercado,35.07
3966,165,2025-12-03,Medellin,hogar,28.88
3967,1,2025-10-11,Cali,electronica,952.52
3968,386,2025-05-01,Medellin,ropa,182.19
3969,168,2025-05-20,Barranquilla,hogar,15.98
3970,126,2025-11-14,Barranquilla,electronica,16.52
3971,177,2025-04-15,Barranquilla,mercado,105.54
3972,388,2025-12-15,Bogota,hogar,197.93
3973,34,2025-12-17,Medellin,ropa,129.86
3974,63,2025-10-16,Medellin,electronica,518.74
3975,330,2025-04-08,Cali,ropa,7.5
3976,325,2025-06-14,Bogota,hogar,72.19
3977,36,2025-03-05,Medellin,deportes,121.13
3978,42,2025-02-15,Bogota,electronica,640.02
3979,202,2025-05-13,Bogota,electronica,17.01
3980,35,2025-07-11,Bogota,electronica,445.14
3981,60,2025-08-22,Cali,hogar,199.18
3982,90,2025-07-04,Cali,mercado,69.4
3983,397,2025-01-20,Bogota,hogar,22.73
3984,371,2025-11-27,Bogota,electronica,80.58
3985,264,2025-10-10,Medellin,libros,35.31
3986,365,2025-08-05,Bogota,ropa,58.64
3987,39,2025-07-15,Medellin,hogar,91.9
3988,341,2025-09-23,Bucaramanga,ropa,9.36
3989,240,2025-07-10,Cartagena,electronica,23.45
3990,278,2025-06-24,Medellin,ropa,68.81
3991,254,2025-02-24,Bogota,electronica,412.39
3992,348,2025-07-25,Barranquilla,electronica,403.37
3993,10,2025-07-23,Medellin,ropa,28.77
3994,247,2025-11-18,Medellin,hogar,108.96
3995,63,2025-05-15,Cali,ropa,55.63
3996,36,2025-01-18,Barranquilla,electronica,270.87
3997,391,2025-03-19,Cartagena,mercado,96.04
3998,157,2025-11-27,Cali,electronica,38.76
3999,132,2025-01-08,Barranquilla,hogar,26.61
4000,273,2025-04-04,Bogota,libros,135.3
4001,396,2025-08-04,Cali,mercado,57.97
4002,204,2025-01-08,Medellin,electronica,107.97
4003,129,2025-07-28,Medellin,hogar,23.73
4004,185,2025-09-07,Medellin,electronica,322.33
4005,285,2025-11-20,Barranquilla,mercado,51.43
4006,280,2025-03-03,Bogota,libros,93.3
4007,83,2025-12-26,Cartagena,mercado,8.23
4008,279,2025-01-20,Medellin,electronica,297.97
4009,356,2025-12-19,Bogota,mercado,190.39
4010,125,2025-07-21,Bogota,ropa,72.86
4011,308,2025-03-18,Cali,mercado,51.12
4012,335,2025-10-02,Medellin,deportes,175.64
4013,231,2025-02-24,Barranquilla,juguetes,33.11
4014,36,2025-07-22,Pereira,hogar,50.03
4015,196,2025-04-27,Barranquilla,hogar,428.28
4016,206,2025-05-24,Medellin,electronica,8.97
4017,376,2025-02-06,Medellin,electronica,52.35
4018,237,2025-04-19,Barranquilla,electronica,916.93
4019,293,2025-08-03,Cali,electronica,12.85
4020,179,2025-03-14,Medellin,mercado,82.94
4021,116,2025-08-17,Medellin,electronica,117.91
4022,388,2025-11-17,Medellin,mercado,193.09
4023,359,2025-11-06,Barranquilla,mercado,31.37
4024,335,2025-07-05,Barranquilla,ropa,57.3
4025,246,2025-10-12,Bucaramanga,deportes,71.79
4026,50,2025-09-11,Bogota,ropa,38.87
4027,84,2025-06-09,Barranquilla,electronica,105.09
4028,155,2025-11-10,Pereira,mercado,45.89
4029,64,2025-10-27,Medellin,ropa,105.09
4030,153,2025-05-15,Bogota,deportes,66.44
4031,373,2025-05-07,Cali,ropa,113.5
4032,318,2025-06-22,Bogota,juguetes,24.48
4033,339,2025-07-17,Bogota,deportes,116.01
4034,23,2025-02-12,Bogota,mercado,102.68
4035,395,2025-04-05,Medellin,ropa,61.14
4036,62,2025-03-13,Medellin,juguetes,102.58
4037,348,2025-06-20,Cali,hogar,31.65
4038,115,2025-09-25,Medellin,hogar,67.4
4039,296,2025-05-03,Medellin,hogar,227.7
4040,362,2025-02-07,Medellin,electronica,210.25
4041,103,2025-02-11,Bogota,juguetes,134.24
4042,345,2025-08-01,Medellin,hogar,64.16
4043,279,2025-07-04,Bogota,electronica,467.87
4044,104,2025-04-19,Bogota,hogar,47.71
4045,28,2025-09-02,Barranquilla,hogar,6.58
4046,283,2025-09-10,Medellin,electronica,208.74
4047,17,2025-01-04,Medellin,mercado,9.82
4048,282,2025-10-13,Bogota,ropa,717.54
4049,108,2025-07-18,Medellin,juguetes,150.21
4050,40,2025-12-27,Cali,electronica,23.47
4051,17,2025-07-22,Bogota,libros,191.42
4052,305,2025-03-17,Bogota,juguetes,27.48
4053,196,2025-03-28,Cali,hogar,22.92
4054,261,2025-06-19,Bucaramanga,juguetes,41.47
4055,54,2025-01-14,Cali,deportes,26.0
4056,196,2025-06-25,Cartagena,deportes,47.09
4057,329,2025-11-17,Medellin,ropa,191.24
4058,392,2025-02-22,Bogota,ropa,64.39
4059,363,2025-04-10,Bogota,mercado,93.0
4060,126,2025-10-11,Bogota,hogar,167.17
4061,29,2025-09-20,Cali,deportes,97.44
4062,47,2025-03-25,Bogota,mercado,29.66
4063,343,2025-07-17,Bogota,electronica,654.28
4064,81,2025-02-15,Pereira,ropa,455.49
4065,187,2025-07-22,Bogota,ropa,131.83
4066,306,2025-10-15,Medellin,ropa,13.63
4067,378,2025-10-14,Medellin,ropa,13.38
4068,378,2025-01-11,Cartagena,ropa,61.87
4069,304,2025-04-24,Barranquilla,mercado,19.95
4070,285,2025-03-21,Bogota,deportes,77.53
4071,240,2025-10-26,Medellin,electronica,510.04
4072,267,2025-01-12,Cali,electronica,426.0
4073,148,2025-03-14,Bogota,mercado,68.13
4074,157,2025-02-23,Bogota,deportes,12.92
4075,248,2025-11-03,Bogota,libros,35.65
4076,138,2025-02-22,Cali,electronica,385.3
4077,217,2025-05-04,Cali,ropa,367.81
4078,30,2025-05-21,Bogota,electronica,721.07
4079,365,2025-01-27,Medellin,juguetes,68.97
4080,163,2025-03-08,Medellin,electronica,12.2
4081,222,2025-02-12,Bogota,mercado,9.31
4082,179,2025-11-04,Bogota,electronica,126.06
4083,235,2025-12-26,Bogota,hogar,37.26
4084,79,2025-08-23,Bogota,hogar,33.17
4085,258,2025-04-26,Bogota,mercado,109.23
4086,148,2025-06-18,Cali,electronica,118.29
4087,380,2025-02-18,Medellin,electronica,130.8
4088,315,2025-06-13,Medellin,electronica,34.9
4089,179,2025-06-15,Medellin,libros,9.64
4090,130,2025-07-08,Barranquilla,mercado,31.52
4091,379,2025-10-14,Bogota,juguetes,6.82
4092,229,2025-04-04,Cartagena,ropa,104.28
4093,312,2025-04-10,Bogota,juguetes,149.86
4094,167,2025-01-22,Bucaramanga,electronica,47.1
4095,6,2025-08-05,Medellin,libros,13.83
4096,393,2025-07-09,Bogota,ropa,38.86
4097,341,2025-03-25,Bogota,deportes,21.21
4098,241,2025-12-09,Bogota,mercado,35.18
4099,172,2025-11-02,Barranquilla,electronica,24.88
4100,276,2025-05-17,Medellin,libros,29.16
4101,380,2025-01-08,Cali,hogar,33.05
4102,9,2025-08-04,Bogota,libros,57.69
4103,294,2025-07-24,Bucaramanga,deportes,10.95
4104,114,2025-07-22,Medellin,mercado,26.3
4105,9,2025-07-01,Medellin,mercado,41.34
4106,299,2025-03-25,Cali,ropa,161.0
4107,96,2025-12-14,Bogota,deportes,109.18
4108,322,2025-06-24,Bogota,mercado,6.15
4109,198,2025-07-15,Medellin,hogar,37.1
4110,247,2025-11-06,Cali,juguetes,64.5
4111,342,2025-06-20,Pereira,mercado,26.28
4112,391,2025-07-06,Bogota,electronica,345.73
4113,300,2025-03-07,Bogota,electronica,276.16
4114,208,2025-06-04,Bogota,ropa,44.5
4115,173,2025-08-27,Medellin,ropa,133.52
4116,397,2025-09-07,Bogota,ropa,98.11
4117,152,2025-06-07,Medellin,deportes,24.61
4118,196,2025-06-16,Cali,electronica,36.46
4119,195,2025-09-10,Barranquilla,electronica,586.83
4120,138,2025-04-28,Bogota,electronica,877.58
4121,391,2025-02-02,Medellin,deportes,147.77
4122,9,2025-12-25,Bogota,hogar,100.17
4123,89,2025-02-17,Cali,mercado,57.55
4124,67,2025-08-16,Bogota,mercado,169.4
4125,270,2025-06-21,Bucaramanga,ropa,76.61
4126,371,2025-02-08,Medellin,juguetes,23.16
4127,226,2025-10-24,Cali,ropa,47.22
4128,300,2025-06-21,Cali,ropa,65.21
4129,19,2025-06-22,Cartagena,ropa,42.79
4130,392,2025-07-19,Bogota,electronica,13.89
4131,76,2025-05-27,Barranquilla,ropa,15.83
4132,235,2025-04-03,Bogota,deportes,70.61
4133,97,2025-07-01,Cartagena,electronica,47.03
4134,146,2025-09-05,Bogota,deportes,56.57
4135,286,2025-08-07,Bogota,hogar,69.33
4136,277,2025-11-20,Medellin,ropa,319.69
4137,153,2025-11-18,Bogota,mercado,7.4
4138,210,2025-08-01,Medellin,juguetes,158.58
4139,342,2025-01-21,Cartagena,electronica,1281.9
4140,203,2025-11-13,Cali,mercado,53.03
4141,332,2025-04-15,Medellin,hogar,10.74
4142,81,2025-06-10,Medellin,juguetes,60.3
4143,82,2025-03-25,Bogota,hogar,26.22
4144,4,2025-12-12,Bogota,mercado,39.98
4145,357,2025-03-12,Bogota,ropa,28.04
4146,257,2025-02-09,Cali,ropa,34.11
4147,227,2025-12-03,Medellin,mercado,175.49
4148,39,2025-06-15,Medellin,hogar,90.04
4149,322,2025-04-14,Medellin,electronica,164.67
4150,92,2025-12-02,Medellin,electronica,130.02
4151,324,2025-05-14,Barranquilla,hogar,164.97
4152,290,2025-12-11,Cali,electronica,353.6
4153,308,2025-08-08,Bogota,ropa,25.03
4154,89,2025-08-25,Medellin,electronica,144.72
4155,370,2025-03-18,Bucaramanga,hogar,24.04
4156,99,2025-12-15,Pereira,libros,17.6
4157,68,2025-08-23,Barranquilla,mercado,105.21
4158,149,2025-05-06,Pereira,ropa,27.11
4159,306,2025-11-23,Bogota,ropa,55.1
4160,122,2025-06-13,Bogota,libros,45.03
4161,120,2025-09-22,Bogota,juguetes,79.29
4162,138,2025-11-22,Bogota,mercado,66.58
4163,56,2025-10-22,Cali,hogar,62.39
4164,209,2025-05-16,Medellin,libros,18.28
4165,78,2025-08-09,Medellin,libros,24.82
4166,137,2025-04-28,Bogota,hogar,94.13
4167,134,2025-06-18,Bogota,hogar,63.61
4168,165,2025-01-05,Medellin,hogar,61.38
4169,231,2025-06-27,Cali,deportes,24.66
4170,125,2025-12-25,Bogota,hogar,16.3
4171,374,2025-01-18,Bogota,electronica,118.72
4172,332,2025-09-17,Cali,hogar,24.29
4173,3,2025-10-04,Bogota,ropa,58.13
4174,224,2025-08-12,Bogota,juguetes,151.52
4175,341,2025-04-14,Cali,electronica,468.31
4176,367,2025-07-21,Barranquilla,juguetes,64.89
4177,100,2025-10-10,Bogota,juguetes,80.35
4178,150,2025-10-11,Bogota,libros,27.12
4179,375,2025-04-28,Medellin,hogar,26.43
4180,43,2025-11-22,Cali,ropa,51.68
4181,168,2025-08-22,Medellin,ropa,7.95
4182,12,2025-02-03,Bucaramanga,juguetes,78.11
4183,114,2025-10-16,Cali,electronica,87.76
4184,87,2025-10-10,Bucaramanga,deportes,203.94
4185,210,2025-06-16,Bogota,electronica,37.94
4186,233,2025-12-18,Bogota,mercado,116.63
4187,314,2025-03-16,Barranquilla,electronica,293.41
4188,189,2025-03-09,Cali,ropa,89.41
4189,93,2025-04-07,Medellin,hogar,94.64
4190,360,2025-01-08,Bogota,juguetes,63.29
4191,388,2025-10-05,Bogota,deportes,12.38
4192,361,2025-02-27,Bogota,electronica,82.99
4193,384,2025-05-21,Barranquilla,mercado,37.7
4194,213,2025-07-28,Bogota,deportes,55.88
4195,230,2025-01-17,Bogota,ropa,54.38
4196,72,2025-02-10,Bogota,mercado,7.79
4197,138,2025-11-06,Cali,electronica,507.72
4198,387,2025-01-27,Medellin,ropa,16.17
4199,253,2025-11-28,Bogota,electronica,713.09
4200,362,2025-05-28,Barranquilla,hogar,422.88
4201,247,2025-11-27,Cali,electronica,404.51
4202,297,2025-01-03,Bogota,electronica,348.88
4203,185,2025-04-11,Bogota,hogar,100.25
4204,255,2025-08-20,Cali,libros,50.3
4205,368,2025-05-19,Cali,hogar,122.62
4206,45,2025-09-06,Bogota,hogar,125.07
4207,22,2025-05-24,Medellin,deportes,164.52
4208,289,2025-12-09,Cali,deportes,57.67
4209,146,2025-02-05,Bogota,ropa,58.87
4210,293,2025-03-18,Medellin,electronica,103.22
4211,75,2025-06-25,Bucaramanga,ropa,166.22
4212,99,2025-04-21,Cali,deportes,37.0
4213,43,2025-01-16,Bucaramanga,ropa,165.36
4214,80,2025-06-14,Cartagena,hogar,7.64
4215,390,2025-01-17,Bogota,mercado,33.74
4216,50,2025-07-09,Cali,deportes,93.03
4217,342,2025-11-10,Bogota,mercado,198.29
4218,341,2025-04-28,Bogota,ropa,96.39
4219,201,2025-10-18,Bogota,mercado,57.14
4220,310,2025-07-08,Medellin,hogar,135.55
4221,212,2025-06-02,Medellin,ropa,284.56
4222,104,2025-06-06,Medellin,ropa,5.5
4223,81,2025-05-07,Medellin,libros,46.77
4224,374,2025-08-08,Bogota,hogar,159.36
4225,61,2025-07-13,Cali,mercado,414.36
4226,163,2025-08-17,Pereira,hogar,74.27
4227,72,2025-01-18,Medellin,hogar,82.63
4228,213,2025-04-12,Bogota,mercado,14.33
4229,191,2025-01-12,Medellin,electronica,218.8
4230,107,2025-02-28,Bogota,deportes,6.05
4231,381,2025-01-18,Medellin,hogar,45.22
4232,214,2025-07-17,Medellin,electronica,67.24
4233,124,2025-10-12,Cali,juguetes,79.21
4234,203,2025-09-16,Bogota,deportes,147.38
4235,218,2025-12-14,Barranquilla,libros,67.19
4236,77,2025-10-03,Cali,ropa,31.38
4237,232,2025-10-15,Bogota,juguetes,33.23
4238,69,2025-02-08,Bogota,electronica,7.01
4239,300,2025-01-22,Medellin,mercado,93.8
4240,158,2025-03-19,Bogota,juguetes,21.59
4241,359,2025-08-02,Cartagena,mercado,53.05
4242,270,2025-08-09,Cali,ropa,66.53
4243,13,2025-04-13,Barranquilla,ropa,46.58
4244,178,2025-03-13,Bogota,electronica,34.74
4245,180,2025-06-27,Cali,electronica,45.04
4246,26,2025-08-24,Medellin,ropa,6.82
4247,124,2025-11-14,Cali,electronica,276.14
4248,360,2025-07-08,Pereira,hogar,93.54
4249,329,2025-12-11,Medellin,electronica,198.65
4250,328,2025-02-14,Medellin,electronica,356.67
4251,395,2025-10-06,Medellin,hogar,100.0
4252,223,2025-06-21,Medellin,electronica,237.3
4253,91,2025-06-13,Pereira,electronica,371.12
4254,320,2025-05-08,Bucaramanga,mercado,17.3
4255,355,2025-05-17,Bogota,deportes,126.82
4256,299,2025-03-02,Cali,mercado,83.33
4257,388,2025-09-21,Medellin,electronica,154.63
4258,131,2025-08-18,Medellin,mercado,25.8
4259,290,2025-05-09,Bucaramanga,mercado,140.11
4260,261,2025-04-04,Bogota,hogar,225.15
4261,342,2025-06-26,Medellin,deportes,157.3
4262,170,2025-01-03,Bogota,mercado,109.89
4263,122,2025-08-13,Bogota,ropa,39.09
4264,327,2025-08-09,Cali,ropa,13.53
4265,289,2025-04-10,Medellin,mercado,15.26
4266,132,2025-11-03,Medellin,deportes,22.32
4267,253,2025-02-18,Barranquilla,electronica,120.66
4268,165,2025-01-21,Bogota,deportes,28.95
4269,358,2025-10-10,Cali,mercado,112.42
4270,97,2025-07-13,Medellin,mercado,8.63
4271,8,2025-09-20,Barranquilla,hogar,78.75
4272,353,2025-06-12,Bogota,ropa,25.51
4273,334,2025-12-12,Bogota,ropa,30.82
4274,292,2025-06-26,Medellin,ropa,28.09
4275,259,2025-03-25,Bogota,hogar,72.95
4276,163,2025-08-08,Cartagena,mercado,6.98
4277,150,2025-07-11,Bogota,hogar,155.7
4278,147,2025-02-07,Bogota,ropa,59.54
4279,151,2025-03-23,Medellin,deportes,61.84
4280,279,2025-01-21,Cali,electronica,246.92
4281,179,2025-07-13,Medellin,electronica,276.24
4282,271,2025-01-08,Bucaramanga,electronica,156.64
4283,173,2025-01-17,Bogota,electronica,202.07
4284,347,2025-11-08,Bogota,ropa,8.16
4285,222,2025-03-09,Bogota,juguetes,19.3
4286,304,2025-06-01,Cali,electronica,333.59
4287,307,2025-03-27,Barranquilla,ropa,48.61
4288,139,2025-04-09,Medellin,electronica,277.55
4289,121,2025-02-23,Cali,hogar,228.08
4290,316,2025-10-10,Bogota,libros,9.82
4291,256,2025-04-21,Medellin,electronica,208.58
4292,47,2025-12-27,Bogota,mercado,105.38
4293,80,2025-10-03,Cartagena,electronica,358.13
4294,383,2025-06-04,Bogota,juguetes,18.12
4295,19,2025-01-10,Bogota,deportes,242.28
4296,36,2025-02-05,Bogota,deportes,25.3
4297,153,2025-06-11,Medellin,electronica,156.45
4298,149,2025-02-26,Medellin,hogar,129.22
4299,164,2025-03-19,Bogota,mercado,18.27
4300,268,2025-09-20,Medellin,deportes,70.2
4301,17,2025-09-23,Pereira,electronica,17.69
4302,107,2025-02-12,Medellin,electronica,59.71
4303,205,2025-04-23,Cali,mercado,41.07
4304,37,2025-07-09,Barranquilla,juguetes,26.54
4305,332,2025-06-17,Bogota,hogar,7.36
4306,336,2025-02-28,Cali,deportes,273.07
4307,113,2025-05-18,Cali,libros,7.42
4308,29,2025-11-07,Bogota,deportes,441.63
4309,151,2025-12-15,Medellin,hogar,55.72
4310,218,2025-03-25,Medellin,electronica,484.27
4311,187,2025-06-03,Medellin,mercado,20.83
4312,263,2025-11-25,Medellin,hogar,93.9
4313,198,2025-04-25,Bogota,electronica,226.43
4314,6,2025-11-12,Cartagena,electronica,160.17
4315,129,2025-06-08,Medellin,ropa,80.54
4316,393,2025-11-19,Bogota,electronica,79.02
4317,69,2025-08-26,Medellin,ropa,93.49
4318,100,2025-07-05,Bogota,hogar,165.92
4319,15,2025-05-23,Cartagena,deportes,180.68
4320,134,2025-07-06,Bogota,ropa,43.62
4321,123,2025-02-05,Bogota,hogar,253.88
4322,194,2025-09-03,Cali,ropa,45.68
4323,145,2025-05-14,Bogota,mercado,48.13
4324,227,2025-03-25,Medellin,mercado,19.2
4325,221,2025-08-12,Barranquilla,libros,38.65
4326,399,2025-11-09,Medellin,hogar,63.15
4327,26,2025-02-05,Cali,ropa,34.94
4328,363,2025-01-19,Cali,deportes,32.31
4329,89,2025-11-27,Cali,ropa,108.11
4330,364,2025-03-16,Barranquilla,hogar,58.78
4331,202,2025-12-02,Medellin,libros,14.49
4332,25,2025-02-27,Medellin,ropa,35.24
4333,105,2025-03-25,Medellin,hogar,305.08
4334,396,2025-11-03,Pereira,ropa,167.01
4335,360,2025-08-04,Bogota,mercado,124.11
4336,36,2025-11-05,Cali,ropa,16.6
4337,79,2025-10-07,Cali,deportes,29.15
4338,226,2025-08-07,Bogota,hogar,428.11
4339,347,2025-12-03,Bogota,ropa,77.95
4340,346,2025-10-10,Pereira,deportes,10.51
4341,269,2025-09-23,Cali,ropa,122.7
4342,313,2025-01-01,Bogota,mercado,45.15
4343,223,2025-11-09,Medellin,ropa,62.0
4344,260,2025-07-25,Cartagena,hogar,124.63
4345,392,2025-11-13,Bogota,ropa,115.24
4346,50,2025-12-07,Medellin,hogar,248.25
4347,23,2025-12-03,Bogota,deportes,10.56
4348,196,2025-02-27,Barranquilla,ropa,82.02
4349,248,2025-05-09,Medellin,ropa,46.48
4350,339,2025-06-19,Medellin,electronica,360.57
4351,398,2025-04-09,Bogota,electronica,646.46
4352,294,2025-11-07,Bogota,mercado,33.72
4353,60,2025-10-26,Medellin,electronica,454.98
4354,287,2025-11-06,Barranquilla,mercado,144.28
4355,184,2025-11-10,Medellin,electronica,541.77
4356,225,2025-05-24,Bucaramanga,hogar,41.79
4357,134,2025-11-05,Cali,hogar,268.18
4358,2,2025-03-19,Cartagena,electronica,496.09
4359,291,2025-02-18,Cali,mercado,90.13
4360,196,2025-07-11,Bogota,juguetes,10.29
4361,379,2025-03-25,Medellin,electronica,18.63
4362,134,2025-09-16,Bogota,mercado,13.46
4363,193,2025-02-17,Bogota,electronica,451.11
4364,154,2025-02-28,Bogota,libros,39.85
4365,340,2025-05-26,Barranquilla,electronica,266.79
4366,329,2025-11-19,Medellin,hogar,132.85
4367,275,2025-10-09,Medellin,ropa,35.63
4368,70,2025-10-19,Bogota,hogar,90.96
4369,7,2025-03-25,Cali,ropa,87.59
4370,391,2025-10-18,Bogota,deportes,113.09
4371,300,2025-08-07,Bogota,ropa,8.54
4372,22,2025-03-12,Bogota,electronica,818.45
4373,162,2025-12-16,Bogota,deportes,177.07
4374,323,2025-08-01,Barranquilla,ropa,12.91
4375,298,2025-12-28,Bogota,hogar,177.47
4376,85,2025-03-10,Bogota,libros,77.72
4377,2,2025-06-08,Medellin,deportes,38.66
4378,266,2025-11-11,Medellin,electronica,34.82
4379,343,2025-12-26,Bogota,mercado,62.08
4380,235,2025-04-24,Medellin,electronica,61.89
4381,335,2025-08-23,Bogota,ropa,61.2
4382,172,2025-04-01,Medellin,ropa,111.01
4383,16,2025-03-10,Bogota,mercado,9.01
4384,323,2025-01-22,Bogota,mercado,14.11
4385,7,2025-04-03,Bogota,electronica,68.15
4386,112,2025-08-10,Bucaramanga,mercado,134.19
4387,354,2025-12-14,Cali,ropa,54.99
4388,277,2025-07-10,Cali,mercado,11.52
4389,383,2025-07-23,Medellin,hogar,273.03
4390,73,2025-08-20,Bogota,electronica,42.4
4391,14,2025-04-01,Cartagena,electronica,16.48
4392,192,2025-11-21,Cartagena,electronica,28.05
4393,252,2025-03-20,Medellin,libros,68.82
4394,163,2025-01-21,Cali,libros,21.94
4395,181,2025-03-18,Bogota,mercado,47.75
4396,92,2025-02-10,Bogota,electronica,19.06
4397,17,2025-08-01,Bogota,hogar,90.85
4398,164,2025-03-23,Bogota,hogar,392.18
4399,21,2025-05-15,Medellin,ropa,9.2
4400,97,2025-03-16,Bogota,deportes,78.24
4401,17,2025-01-11,Cali,ropa,97.3
4402,69,2025-04-20,Cartagena,libros,12.6
4403,101,2025-02-24,Cali,mercado,641.44
4404,294,2025-09-06,Barranquilla,mercado,23.66
4405,329,2025-06-14,Cali,electronica,265.13
4406,41,2025-02-09,Cali,libros,28.5
4407,181,2025-11-10,Medellin,electronica,156.94
4408,276,2025-03-03,Cali,mercado,35.02
4409,386,2025-04-03,Cali,mercado,90.5
4410,385,2025-01-22,Bogota,electronica,130.88
4411,116,2025-07-06,Bucaramanga,electronica,123.62
4412,225,2025-05-10,Cartagena,ropa,37.44
4413,74,2025-11-06,Medellin,deportes,106.36
4414,69,2025-04-06,Bogota,electronica,295.49
4415,22,2025-06-13,Medellin,ropa,17.48
4416,97,2025-12-14,Medellin,electronica,556.04
4417,313,2025-03-22,Medellin,electronica,857.17
4418,352,2025-03-15,Medellin,hogar,116.49
4419,28,2025-01-27,Cali,electronica,133.79
4420,340,2025-10-28,Pereira,electronica,390.1
4421,236,2025-06-04,Medellin,ropa,117.19
4422,159,2025-09-01,Bogota,electronica,223.52
4423,314,2025-06-06,Bogota,electronica,486.15
4424,152,2025-04-11,Bogota,ropa,240.01
4425,349,2025-10-24,Cali,juguetes,60.66
4426,187,2025-01-11,Cali,ropa,274.34
4427,86,2025-07-06,Cartagena,electronica,52.59
4428,23,2025-05-18,Cartagena,electronica,577.01
4429,52,2025-02-08,Medellin,hogar,346.29
4430,203,2025-02-13,Medellin,deportes,36.03
4431,260,2025-01-07,Medellin,mercado,165.06
4432,198,2025-06-05,Pereira,deportes,27.79
4433,40,2025-12-08,Medellin,electronica,620.9
4434,48,2025-10-03,Cali,mercado,178.52
4435,335,2025-08-01,Medellin,electronica,577.51
4436,326,2025-11-01,Bucaramanga,deportes,114.98
4437,246,2025-09-23,Medellin,electronica,275.94
4438,257,2025-01-06,Medellin,hogar,100.13
4439,124,2025-04-05,Barranquilla,deportes,13.62
4440,277,2025-08-21,Bucaramanga,electronica,35.54
4441,296,2025-07-28,Cartagena,libros,7.31
4442,312,2025-04-03,Pereira,mercado,23.65
4443,329,2025-01-02,Bogota,electronica,394.51
4444,362,2025-02-22,Bogota,mercado,56.23
4445,189,2025-07-04,Cartagena,electronica,22.05
4446,228,2025-01-16,Cali,libros,142.95
4447,358,2025-09-24,Bogota,ropa,58.7
4448,184,2025-05-09,Medellin,hogar,34.19
4449,173,2025-01-01,Bucaramanga,deportes,123.3
4450,28,2025-09-14,Medellin,electronica,206.5
4451,306,2025-07-14,Medellin,electronica,301.86
4452,59,2025-11-10,Medellin,deportes,255.99
4453,225,2025-02-17,Barranquilla,juguetes,45.06
4454,400,2025-08-21,Cartagena,mercado,5.2
4455,99,2025-01-17,Barranquilla,electronica,126.0
4456,143,2025-12-17,Barranquilla,deportes,65.81
4457,318,2025-02-24,Medellin,electronica,360.62
4458,40,2025-06-07,Bogota,mercado,93.65
4459,395,2025-01-20,Medellin,mercado,31.88
4460,325,2025-10-17,Cali,ropa,33.24
4461,272,2025-10-02,Medellin,ropa,44.5
4462,261,2025-06-04,Bogota,electronica,29.71
4463,353,2025-07-17,Cali,mercado,77.86
4464,229,2025-09-16,Medellin,hogar,311.54
4465,390,2025-06-18,Medellin,ropa,169.95
4466,88,2025-02-11,Bogota,electronica,503.56
4467,56,2025-01-27,Medellin,mercado,5.81
4468,334,2025-10-19,Cali,ropa,6.37
4469,293,2025-03-08,Bogota,ropa,108.84
4470,174,2025-09-21,Bogota,hogar,41.06
4471,8,2025-03-14,Medellin,mercado,47.38
4472,204,2025-11-21,Bogota,libros,121.27
4473,315,2025-04-06,Cali,electronica,461.47
4474,310,2025-09-21,Bogota,mercado,122.02
4475,40,2025-01-08,Medellin,electronica,259.19
4476,275,2025-11-01,Medellin,electronica,26.33
4477,130,2025-02-23,Medellin,deportes,43.0
4478,158,2025-07-12,Medellin,electronica,42.52
4479,255,2025-06-20,Medellin,hogar,18.29
4480,212,2025-06-03,Medellin,deportes,25.95
4481,70,2025-11-25,Medellin,hogar,65.66
4482,68,2025-04-07,Bogota,mercado,55.76
4483,328,2025-09-04,Medellin,libros,42.1
4484,329,2025-07-22,Bogota,deportes,62.21
4485,360,2025-04-25,Bogota,deportes,238.09
4486,72,2025-01-19,Medellin,electronica,21.57
4487,172,2025-09-05,Bogota,electronica,123.5
4488,111,2025-05-08,Medellin,hogar,212.87
4489,190,2025-06-18,Medellin,juguetes,16.93
4490,286,2025-10-09,Bogota,mercado,48.84
4491,263,2025-04-11,Bogota,hogar,128.29
4492,242,2025-04-13,Cali,mercado,61.82
4493,263,2025-02-26,Bogota,deportes,60.71
4494,361,2025-03-17,Cali,libros,58.75
4495,40,2025-09-05,Cali,ropa,263.4
4496,119,2025-05-10,Pereira,mercado,32.8
4497,256,2025-07-25,Cali,hogar,226.04
4498,264,2025-09-17,Barranquilla,mercado,26.9
4499,200,2025-04-11,Cali,electronica,23.1
4500,57,2025-04-28,Cali,libros,106.27
4501,199,2025-10-11,Medellin,ropa,82.37
4502,68,2025-11-06,Medellin,libros,23.43
4503,221,2025-12-12,Barranquilla,ropa,83.19
4504,99,2025-12-23,Cartagena,mercado,5.36
4505,349,2025-11-08,Bogota,hogar,12.31
4506,311,2025-09-07,Cali,ropa,37.57
4507,240,2025-04-11,Bogota,electronica,345.9
4508,49,2025-09-15,Bucaramanga,ropa,54.5
4509,211,2025-03-11,Bogota,electronica,965.27
4510,202,2025-07-13,Medellin,hogar,125.13
4511,196,2025-06-15,Medellin,mercado,59.97
4512,389,2025-09-18,Cali,electronica,37.88
4513,317,2025-01-21,Bogota,hogar,191.43
4514,333,2025-09-01,Medellin,hogar,59.92
4515,18,2025-04-27,Medellin,mercado,21.84
4516,271,2025-12-06,Medellin,electronica,66.01
4517,157,2025-03-18,Bogota,ropa,18.63
4518,289,2025-12-28,Medellin,hogar,69.34
4519,396,2025-02-02,Medellin,electronica,186.24
4520,179,2025-02-03,Medellin,hogar,226.06
4521,82,2025-02-24,Medellin,juguetes,270.27
4522,248,2025-03-11,Cali,ropa,15.71
4523,75,2025-12-23,Bogota,mercado,30.6
4524,311,2025-05-04,Bogota,ropa,24.86
4525,381,2025-04-26,Barranquilla,juguetes,7.78
4526,326,2025-03-09,Bogota,hogar,7.69
4527,131,2025-09-23,Medellin,deportes,221.03
4528,315,2025-09-10,Medellin,hogar,85.3
4529,15,2025-09-22,Bogota,mercado,91.41
4530,98,2025-03-24,Bucaramanga,hogar,238.65
4531,325,2025-01-08,Bogota,electronica,181.46
4532,257,2025-03-01,Bogota,electronica,98.79
4533,187,2025-09-01,Medellin,electronica,151.11
4534,111,2025-08-14,Cali,electronica,250.24
4535,198,2025-04-11,Medellin,ropa,7.19
4536,363,2025-12-24,Bucaramanga,electronica,586.11
4537,195,2025-08-20,Bogota,mercado,44.95
4538,116,2025-09-09,Medellin,electronica,141.38
4539,298,2025-12-16,Bogota,hogar,13.94
4540,336,2025-05-08,Bogota,mercado,54.58
4541,57,2025-08-11,Cartagena,electronica,83.77
4542,218,2025-02-11,Bogota,mercado,59.05
4543,136,2025-09-01,Medellin,deportes,152.18
4544,203,2025-04-26,Bogota,ropa,45.02
4545,260,2025-07-03,Medellin,electronica,239.44
4546,395,2025-04-20,Bogota,hogar,119.46
4547,223,2025-12-26,Medellin,mercado,127.42
4548,105,2025-09-03,Medellin,electronica,191.05
4549,330,2025-05-19,Bogota,electronica,457.79
4550,73,2025-09-28,Medellin,mercado,20.75
4551,154,2025-03-20,Barranquilla,electronica,324.45
4552,200,2025-03-11,Cali,electronica,329.15
4553,8,2025-03-04,Bogota,mercado,35.02
4554,121,2025-05-23,Medellin,ropa,138.46
4555,97,2025-05-08,Cartagena,libros,51.13
4556,364,2025-08-20,Cali,electronica,155.07
4557,80,2025-12-23,Cali,ropa,9.27
4558,218,2025-06-07,Bogota,electronica,215.42
4559,223,2025-01-07,Bogota,juguetes,62.45
4560,178,2025-07-04,Bogota,mercado,8.39
4561,264,2025-12-25,Bogota,deportes,115.36
4562,228,2025-01-23,Medellin,libros,28.95
4563,56,2025-06-03,Bogota,libros,81.08
4564,84,2025-09-27,Medellin,ropa,85.97
4565,55,2025-04-23,Bogota,mercado,92.49
4566,99,2025-10-06,Cali,mercado,208.13
4567,2,2025-04-28,Medellin,electronica,88.09
4568,312,2025-04-03,Medellin,mercado,41.58
4569,256,2025-12-19,Medellin,electronica,392.03
4570,65,2025-08-06,Medellin,mercado,84.92
4571,253,2025-07-02,Pereira,ropa,42.14
4572,328,2025-09-25,Medellin,deportes,20.31
4573,219,2025-01-20,Bogota,electronica,469.18
4574,249,2025-06-10,Medellin,ropa,87.89
4575,287,2025-07-11,Bogota,electronica,278.42
4576,53,2025-05-06,Bogota,ropa,59.33
4577,110,2025-10-05,Bogota,ropa,37.7
4578,337,2025-08-21,Bucaramanga,libros,17.57
4579,139,2025-09-27,Barranquilla,electronica,67.0
4580,52,2025-11-04,Bogota,mercado,99.6
4581,297,2025-01-08,Bogota,deportes,6.82
4582,316,2025-05-22,Barranquilla,hogar,57.48
4583,359,2025-05-08,Pereira,hogar,32.98
4584,285,2025-12-18,Cali,mercado,45.14
4585,96,2025-12-24,Cali,hogar,23.03
4586,303,2025-12-12,Bogota,ropa,249.94
4587,311,2025-03-07,Pereira,hogar,184.26
4588,17,2025-04-21,Cali,electronica,116.71
4589,182,2025-08-03,Medellin,ropa,99.81
4590,52,2025-03-03,Medellin,deportes,161.42
4591,289,2025-10-07,Medellin,hogar,70.67
4592,204,2025-11-12,Bogota,mercado,25.02
4593,42,2025-03-01,Cali,juguetes,27.01
4594,58,2025-07-19,Barranquilla,ropa,117.01
4595,286,2025-02-22,Bogota,mercado,43.78
4596,75,2025-05-22,Medellin,ropa,69.94
4597,372,2025-06-25,Medellin,hogar,132.64
4598,335,2025-04-10,Bucaramanga,hogar,12.24
4599,296,2025-07-25,Medellin,electronica,484.84
4600,370,2025-08-23,Bogota,libros,76.89
4601,227,2025-06-28,Medellin,electronica,299.23
4602,29,2025-10-26,Pereira,libros,52.51
4603,244,2025-01-18,Bogota,juguetes,15.96
4604,341,2025-09-17,Medellin,electronica,106.59
4605,101,2025-11-22,Medellin,deportes,47.11
4606,50,2025-07-06,Barranquilla,ropa,5.99
4607,192,2025-05-25,Barranquilla,libros,42.13
4608,20,2025-12-11,Bogota,deportes,7.02
4609,32,2025-05-07,Bogota,hogar,9.74
4610,122,2025-09-28,Medellin,libros,33.23
4611,370,2025-05-06,Cartagena,electronica,155.65
4612,14,2025-04-09,Cali,ropa,73.56
4613,192,2025-02-09,Bogota,ropa,85.38
4614,333,2025-09-10,Cali,mercado,311.36
4615,365,2025-06-09,Bogota,mercado,100.99
4616,382,2025-08-18,Barranquilla,electronica,862.15
4617,174,2025-01-08,Medellin,mercado,105.46
4618,106,2025-04-10,Cali,hogar,86.17
4619,32,2025-06-25,Medellin,hogar,92.38
4620,103,2025-09-11,Cartagena,electronica,396.73
4621,246,2025-12-02,Bogota,electronica,273.5
4622,52,2025-04-11,Bogota,deportes,26.97
4623,304,2025-07-16,Cali,hogar,120.51
4624,281,2025-12-08,Cartagena,hogar,193.07
4625,42,2025-06-26,Medellin,mercado,127.44
4626,9,2025-04-26,Bogota,libros,95.18
4627,60,2025-07-16,Cali,mercado,76.22
4628,268,2025-08-19,Bogota,mercado,30.48
4629,214,2025-10-20,Medellin,deportes,12.43
4630,7,2025-09-04,Cartagena,ropa,7.07
4631,181,2025-08-18,Bogota,ropa,34.14
4632,247,2025-05-03,Pereira,deportes,458.01
4633,191,2025-01-04,Medellin,ropa,84.73
4634,184,2025-01-19,Cali,electronica,131.94
4635,303,2025-04-27,Bogota,electronica,528.62
4636,308,2025-11-22,Cali,electronica,102.78
4637,220,2025-04-22,Medellin,deportes,385.86
4638,238,2025-08-15,Cali,hogar,419.08
4639,161,2025-12-13,Bogota,deportes,50.81
4640,203,2025-05-01,Barranquilla,juguetes,53.49
4641,179,2025-07-07,Cali,libros,8.16
4642,130,2025-07-13,Medellin,hogar,13.56
4643,65,2025-05-10,Bogota,electronica,509.38
4644,95,2025-04-06,Bogota,electronica,826.03
4645,191,2025-07-14,Bogota,electronica,103.88
4646,214,2025-07-05,Bucaramanga,electronica,51.65
4647,361,2025-04-13,Medellin,electronica,719.92
4648,142,2025-10-25,Medellin,ropa,8.01
4649,388,2025-02-04,Cali,libros,135.01
4650,194,2025-12-03,Bogota,libros,11.56
4651,276,2025-07-02,Bucaramanga,deportes,243.55
4652,298,2025-02-10,Cali,hogar,15.52
4653,232,2025-08-12,Cali,ropa,7.64
4654,33,2025-09-16,Bucaramanga,electronica,244.22
4655,62,2025-06-08,Medellin,deportes,32.22
4656,272,2025-12-14,Bogota,ropa,27.76
4657,110,2025-05-26,Medellin,mercado,74.21
4658,270,2025-05-23,Medellin,ropa,22.85
4659,191,2025-01-22,Medellin,juguetes,38.73
4660,122,2025-07-03,Cali,ropa,26.84
4661,228,2025-04-19,Cali,electronica,370.56
4662,163,2025-09-10,Medellin,electronica,507.12
4663,207,2025-08-20,Barranquilla,mercado,46.19
4664,257,2025-03-02,Cali,mercado,17.23
4665,230,2025-03-07,Bogota,libros,6.95
4666,267,2025-06-10,Medellin,ropa,57.73
4667,74,2025-01-15,Medellin,mercado,105.9
4668,69,2025-05-08,Bogota,deportes,16.78
4669,120,2025-12-20,Medellin,ropa,13.57
4670,15,2025-12-01,Medellin,deportes,179.96
4671,360,2025-09-08,Medellin,hogar,96.01
4672,170,2025-11-08,Medellin,ropa,127.21
4673,270,2025-09-03,Bogota,mercado,163.66
4674,323,2025-08-27,Bogota,hogar,167.15
4675,345,2025-02-19,Medellin,hogar,37.33
4676,36,2025-02-16,Bogota,libros,10.93
4677,10,2025-04-03,Bogota,mercado,55.91
4678,7,2025-02-11,Bogota,ropa,24.42
4679,296,2025-02-05,Medellin,electronica,332.97
4680,74,2025-08-06,Medellin,mercado,200.27
4681,161,2025-02-04,Cali,hogar,64.38
4682,396,2025-04-23,Cali,ropa,58.21
4683,289,2025-01-28,Pereira,libros,18.18
4684,352,2025-09-16,Bogota,hogar,176.6
4685,107,2025-07-01,Bogota,electronica,1250.04
4686,30,2025-10-03,Cali,mercado,8.01
4687,360,2025-09-19,Bogota,deportes,5.77
4688,75,2025-06-07,Bogota,ropa,197.9
4689,101,2025-10-11,Bogota,ropa,34.2
4690,266,2025-09-16,Bogota,juguetes,25.69
4691,295,2025-07-06,Bogota,ropa,53.17
4692,14,2025-10-27,Medellin,libros,43.08
4693,27,2025-02-14,Bogota,ropa,130.44
4694,169,2025-10-13,Bucaramanga,electronica,101.74
4695,351,2025-04-08,Medellin,mercado,58.05
4696,343,2025-01-03,Bogota,deportes,79.91
4697,284,2025-07-17,Barranquilla,hogar,103.37
4698,83,2025-11-18,Cali,mercado,40.47
4699,202,2025-12-24,Medellin,mercado,14.47
4700,211,2025-06-24,Medellin,mercado,10.98
4701,125,2025-05-04,Medellin,mercado,67.5
4702,187,2025-05-13,Cali,mercado,99.54
4703,347,2025-06-17,Cali,ropa,223.23
4704,240,2025-08-08,Barranquilla,ropa,90.17
4705,187,2025-01-11,Bogota,mercado,26.13
4706,241,2025-08-21,Medellin,mercado,14.78
4707,198,2025-02-23,Cartagena,deportes,225.03
4708,122,2025-06-28,Medellin,ropa,21.17
4709,346,2025-01-12,Bogota,deportes,137.09
4710,309,2025-08-17,Cartagena,libros,58.28
4711,296,2025-12-18,Cali,mercado,9.84
4712,344,2025-05-09,Barranquilla,deportes,9.5
4713,182,2025-05-09,Bogota,ropa,24.52
4714,109,2025-05-04,Medellin,electronica,161.26
4715,249,2025-09-28,Medellin,mercado,35.15
4716,106,2025-08-02,Medellin,electronica,191.84
4717,89,2025-08-02,Bogota,electronica,115.45
4718,228,2025-04-10,Bogota,ropa,40.33
4719,353,2025-12-04,Cali,electronica,766.41
4720,307,2025-11-16,Bogota,ropa,97.74
4721,170,2025-12-07,Bogota,electronica,697.85
4722,54,2025-01-05,Bucaramanga,deportes,264.11
4723,290,2025-09-06,Bogota,hogar,111.15
4724,54,2025-01-03,Bogota,electronica,779.33
4725,243,2025-10-28,Cali,deportes,36.04
4726,187,2025-05-04,Medellin,juguetes,38.67
4727,171,2025-09-07,Cartagena,hogar,100.34
4728,119,2025-05-13,Cali,ropa,133.49
4729,247,2025-01-18,Barranquilla,electronica,231.53
4730,199,2025-04-17,Barranquilla,juguetes,40.72
4731,62,2025-01-24,Bogota,mercado,44.54
4732,275,2025-10-01,Medellin,mercado,83.57
4733,212,2025-10-22,Bucaramanga,mercado,65.81
4734,395,2025-07-03,Bogota,mercado,10.98
4735,342,2025-02-15,Barranquilla,hogar,57.81
4736,325,2025-08-21,Medellin,juguetes,17.86
4737,118,2025-06-24,Cartagena,libros,9.27
4738,23,2025-05-04,Medellin,electronica,537.77
4739,192,2025-07-05,Cali,libros,43.18
4740,98,2025-06-26,Bogota,hogar,23.07
4741,21,2025-02-20,Medellin,ropa,42.14
4742,181,2025-08-16,Bogota,mercado,30.69
4743,388,2025-05-18,Cartagena,hogar,15.98
4744,355,2025-09-18,Medellin,mercado,15.8
4745,58,2025-05-14,Bogota,deportes,26.41
4746,193,2025-09-23,Medellin,mercado,64.29
4747,240,2025-02-11,Bogota,ropa,40.89
4748,158,2025-06-04,Medellin,electronica,721.95
4749,302,2025-05-24,Medellin,electronica,155.29
4750,193,2025-05-08,Medellin,ropa,37.91
4751,225,2025-02-11,Medellin,electronica,232.02
4752,268,2025-11-14,Bogota,ropa,68.5
4753,1,2025-02-21,Medellin,ropa,13.38
4754,397,2025-04-02,Bucaramanga,juguetes,5.57
4755,26,2025-04-11,Barranquilla,hogar,45.64
4756,353,2025-01-09,Medellin,deportes,107.64
4757,135,2025-09-17,Cali,electronica,42.94
4758,202,2025-11-09,Pereira,mercado,9.55
4759,223,2025-09-04,Cali,electronica,607.21
4760,265,2025-01-21,Bogota,electronica,33.11
4761,127,2025-04-27,Cali,ropa,5.41
4762,263,2025-02-03,Barranquilla,electronica,21.34
4763,232,2025-06-07,Bogota,ropa,70.96
4764,277,2025-10-20,Bogota,mercado,32.65
4765,283,2025-06-20,Medellin,deportes,124.87
4766,289,2025-12-09,Barranquilla,hogar,184.37
4767,366,2025-07-16,Medellin,libros,38.19
4768,37,2025-03-19,Bogota,ropa,144.19
4769,257,2025-08-22,Bogota,electronica,52.5
4770,91,2025-04-23,Cali,mercado,21.29
4771,188,2025-02-17,Bogota,ropa,249.36
4772,250,2025-08-12,Bogota,deportes,110.55
4773,144,2025-07-10,Cartagena,mercado,43.76
4774,118,2025-06-13,Cali,ropa,66.57
4775,383,2025-07-05,Bucaramanga,ropa,22.28
4776,321,2025-03-25,Bogota,ropa,49.94
4777,34,2025-11-06,Barranquilla,hogar,341.98
4778,43,2025-10-23,Medellin,ropa,16.85
4779,217,2025-06-13,Medellin,mercado,101.71
4780,130,2025-03-18,Bucaramanga,deportes,116.18
4781,376,2025-11-05,Medellin,mercado,131.64
4782,169,2025-12-26,Medellin,mercado,24.89
4783,66,2025-04-04,Bogota,mercado,16.33
4784,320,2025-12-07,Cali,mercado,53.92
4785,400,2025-09-27,Pereira,libros,52.67
4786,373,2025-08-04,Bucaramanga,deportes,13.81
4787,4,2025-11-22,Barranquilla,ropa,54.34
4788,126,2025-12-03,Bogota,ropa,72.5
4789,362,2025-12-16,Cali,ropa,88.02
4790,329,2025-03-08,Bogota,ropa,221.84
4791,353,2025-08-13,Cartagena,libros,15.91
4792,70,2025-12-09,Cali,hogar,5.25
4793,387,2025-10-10,Medellin,electronica,150.64
4794,298,2025-04-09,Medellin,mercado,45.93
4795,302,2025-04-10,Bogota,electronica,253.04
4796,365,2025-09-27,Cartagena,ropa,10.78
4797,110,2025-11-06,Bogota,libros,29.11
4798,312,2025-05-18,Bogota,ropa,71.31
4799,300,2025-07-26,Cali,hogar,11.98
4800,113,2025-04-02,Medellin,mercado,13.84
4801,144,2025-06-16,Bogota,hogar,334.44
4802,168,2025-11-04,Barranquilla,mercado,21.95
4803,251,2025-11-15,Bogota,mercado,21.72
4804,254,2025-10-01,Medellin,mercado,37.03
4805,66,2025-04-22,Bogota,libros,18.67
4806,337,2025-07-23,Medellin,hogar,244.05
4807,364,2025-09-18,Pereira,libros,56.37
4808,40,2025-05-15,Bogota,electronica,46.83
4809,285,2025-08-28,Barranquilla,mercado,13.69
4810,299,2025-05-03,Cali,electronica,246.78
4811,36,2025-01-10,Medellin,mercado,96.24
4812,365,2025-08-20,Cali,libros,23.52
4813,189,2025-11-01,Bucaramanga,electronica,409.43
4814,204,2025-01-20,Bogota,hogar,75.37
4815,382,2025-08-10,Medellin,juguetes,94.13
4816,47,2025-09-05,Bucaramanga,electronica,170.05
4817,203,2025-07-05,Bogota,ropa,63.97
4818,330,2025-06-14,Bucaramanga,hogar,70.27
4819,267,2025-06-28,Bogota,mercado,33.17
4820,56,2025-01-24,Bogota,ropa,60.3
4821,248,2025-08-06,Barranquilla,electronica,43.21
4822,296,2025-11-09,Cali,ropa,93.46
4823,302,2025-08-16,Medellin,ropa,10.93
4824,336,2025-01-01,Bogota,mercado,85.64
4825,295,2025-01-02,Bogota,juguetes,17.57
4826,324,2025-05-25,Medellin,deportes,414.28
4827,55,2025-04-08,Cali,libros,37.0
4828,81,2025-11-13,Bogota,mercado,15.04
4829,388,2025-01-24,Bogota,electronica,485.46
4830,177,2025-09-15,Medellin,ropa,46.01
4831,61,2025-11-26,Medellin,libros,47.34
4832,11,2025-07-10,Bogota,electronica,334.65
4833,15,2025-12-22,Cali,electronica,798.68
4834,369,2025-11-24,Cali,electronica,213.91
4835,310,2025-08-14,Bogota,electronica,253.72
4836,18,2025-04-12,Cali,hogar,186.56
4837,107,2025-05-01,Medellin,electronica,79.51
4838,48,2025-07-26,Cartagena,electronica,173.65
4839,300,2025-08-22,Medellin,mercado,25.51
4840,215,2025-05-11,Cali,electronica,69.53
4841,318,2025-12-24,Bogota,electronica,192.42
4842,351,2025-03-04,Bogota,libros,61.22
4843,153,2025-08-03,Barranquilla,ropa,106.7
4844,253,2025-08-19,Bogota,deportes,34.57
4845,193,2025-10-19,Medellin,electronica,148.01
4846,147,2025-11-15,Bogota,electronica,477.41
4847,356,2025-12-01,Cartagena,hogar,408.13
4848,139,2025-07-19,Medellin,electronica,18.06
4849,224,2025-11-11,Bogota,juguetes,23.34
4850,257,2025-09-23,Medellin,ropa,121.38
4851,246,2025-06-01,Medellin,mercado,56.28
4852,126,2025-01-14,Medellin,electronica,380.45
4853,263,2025-09-01,Bogota,juguetes,65.66
4854,234,2025-09-15,Bogota,libros,61.2
4855,243,2025-02-23,Bogota,electronica,135.98
4856,25,2025-05-09,Pereira,electronica,712.01
4857,266,2025-04-26,Medellin,mercado,59.26
4858,159,2025-12-23,Bogota,mercado,65.33
4859,362,2025-03-24,Medellin,mercado,42.01
4860,237,2025-11-03,Bogota,juguetes,56.48
4861,203,2025-11-15,Bogota,electronica,112.96
4862,200,2025-09-14,Bogota,libros,65.41
4863,173,2025-03-04,Cali,electronica,77.64
4864,374,2025-06-03,Bucaramanga,mercado,40.21
4865,85,2025-12-23,Bogota,electronica,278.68
4866,123,2025-09-15,Cali,hogar,144.45
4867,286,2025-01-20,Bucaramanga,mercado,97.5
4868,150,2025-09-07,Cali,ropa,285.41
4869,160,2025-09-22,Medellin,libros,11.01
4870,275,2025-05-18,Pereira,mercado,255.12
4871,5,2025-02-04,Medellin,electronica,242.62
4872,333,2025-07-27,Medellin,juguetes,53.08
4873,262,2025-06-26,Bogota,ropa,23.53
4874,358,2025-12-06,Medellin,mercado,68.87
4875,273,2025-02-09,Bogota,electronica,118.15
4876,176,2025-03-21,Barranquilla,electronica,157.86
4877,67,2025-06-10,Bogota,electronica,447.7
4878,123,2025-07-13,Medellin,libros,13.01
4879,196,2025-07-16,Bogota,electronica,847.83
4880,355,2025-03-25,Bogota,mercado,36.61
4881,8,2025-01-09,Medellin,hogar,106.99
4882,188,2025-12-24,Bogota,electronica,678.86
4883,350,2025-01-02,Cali,deportes,55.69
4884,227,2025-02-17,Bucaramanga,deportes,15.47
4885,220,2025-12-06,Medellin,hogar,139.82
4886,206,2025-09-06,Barranquilla,mercado,13.99
4887,284,2025-03-09,Barranquilla,hogar,686.07
4888,8,2025-12-22,Barranquilla,ropa,63.12
4889,272,2025-04-02,Bogota,juguetes,53.63
4890,210,2025-07-28,Medellin,hogar,134.5
4891,161,2025-03-26,Medellin,electronica,1094.45
4892,279,2025-06-05,Bogota,hogar,209.94
4893,220,2025-06-20,Medellin,ropa,164.21
4894,346,2025-08-11,Bogota,electronica,261.58
4895,216,2025-06-22,Medellin,mercado,29.64
4896,266,2025-01-19,Bogota,juguetes,111.45
4897,136,2025-05-07,Bogota,hogar,31.58
4898,21,2025-08-16,Medellin,ropa,65.67
4899,157,2025-03-08,Medellin,ropa,17.11
4900,182,2025-05-20,Cali,ropa,56.06
4901,186,2025-11-10,Bucaramanga,libros,24.35
4902,193,2025-05-18,Pereira,hogar,225.98
4903,139,2025-08-12,Bogota,ropa,19.64
4904,127,2025-01-22,Cali,electronica,39.42
4905,112,2025-01-16,Bucaramanga,hogar,10.88
4906,339,2025-09-20,Bogota,ropa,429.38
4907,82,2025-11-25,Cali,electronica,386.86
4908,112,2025-07-09,Bogota,mercado,49.17
4909,211,2025-09-26,Bogota,ropa,64.58
4910,30,2025-01-02,Cali,ropa,47.81
4911,335,2025-03-02,Medellin,electronica,376.3
4912,206,2025-07-10,Medellin,mercado,147.13
4913,339,2025-05-28,Pereira,electronica,696.72
4914,244,2025-06-01,Barranquilla,mercado,32.48
4915,87,2025-01-19,Medellin,mercado,33.38
4916,301,2025-04-03,Medellin,ropa,83.54
4917,94,2025-05-12,Cali,hogar,33.47
4918,397,2025-02-22,Medellin,deportes,43.04
4919,329,2025-11-14,Bogota,hogar,92.61
4920,10,2025-08-22,Medellin,electronica,358.37
4921,7,2025-02-06,Bogota,libros,45.76
4922,237,2025-03-08,Bogota,ropa,7.73
4923,89,2025-06-24,Bogota,electronica,591.18
4924,207,2025-03-03,Bogota,electronica,477.14
4925,382,2025-02-16,Medellin,hogar,117.53
4926,288,2025-11-13,Medellin,mercado,22.33
4927,210,2025-09-14,Bucaramanga,juguetes,65.74
4928,362,2025-04-25,Medellin,hogar,62.07
4929,64,2025-08-22,Medellin,libros,115.9
4930,118,2025-10-16,Medellin,electronica,997.25
4931,24,2025-04-28,Medellin,libros,79.58
4932,124,2025-05-05,Bogota,mercado,121.8
4933,356,2025-09-10,Medellin,electronica,41.51
4934,340,2025-11-02,Bogota,mercado,13.49
4935,86,2025-10-19,Barranquilla,mercado,77.04
4936,230,2025-03-05,Bogota,mercado,51.17
4937,192,2025-09-09,Bogota,mercado,150.03
4938,276,2025-04-14,Bogota,mercado,17.92
4939,96,2025-05-12,Cartagena,electronica,1277.28
4940,308,2025-04-13,Medellin,mercado,88.81
4941,330,2025-07-20,Barranquilla,deportes,275.36
4942,85,2025-02-24,Bogota,mercado,114.32
4943,176,2025-09-07,Medellin,electronica,255.55
4944,301,2025-09-26,Cartagena,electronica,450.93
4945,93,2025-03-21,Medellin,ropa,33.49
4946,223,2025-01-10,Bogota,hogar,139.77
4947,389,2025-12-12,Bogota,hogar,256.45
4948,12,2025-06-04,Pereira,ropa,18.21
4949,392,2025-07-17,Medellin,libros,46.29
4950,96,2025-04-01,Bogota,deportes,36.99
4951,3,2025-05-15,Barranquilla,ropa,29.63
4952,212,2025-04-11,Cali,ropa,87.34
4953,127,2025-08-07,Medellin,electronica,38.31
4954,259,2025-12-03,Medellin,hogar,19.52
4955,92,2025-02-25,Bogota,mercado,71.43
4956,201,2025-06-20,Bucaramanga,electronica,594.39
4957,396,2025-08-10,Medellin,electronica,494.79
4958,188,2025-04-11,Medellin,electronica,177.84
4959,89,2025-07-28,Medellin,deportes,54.02
4960,15,2025-11-24,Bogota,mercado,86.13
4961,298,2025-11-11,Bogota,mercado,35.25
4962,166,2025-08-12,Cali,electronica,39.54
4963,225,2025-04-14,Medellin,hogar,57.8
4964,260,2025-08-24,Bogota,ropa,39.8
4965,67,2025-07-22,Bucaramanga,ropa,53.73
4966,267,2025-11-10,Bogota,deportes,42.25
4967,316,2025-10-19,Medellin,deportes,33.41
4968,109,2025-04-26,Medellin,hogar,31.86
4969,13,2025-02-04,Bucaramanga,electronica,7.01
4970,253,2025-01-06,Bogota,hogar,231.8
4971,299,2025-06-19,Cali,mercado,103.1
4972,125,2025-05-19,Cali,ropa,5.61
4973,218,2025-08-24,Medellin,electronica,123.92
4974,300,2025-03-27,Bogota,electronica,55.82
4975,208,2025-06-02,Medellin,electronica,255.39
4976,130,2025-07-11,Medellin,mercado,192.73
4977,331,2025-01-14,Cartagena,ropa,44.53
4978,234,2025-05-13,Medellin,electronica,151.39
4979,3,2025-01-28,Bogota,libros,68.95
4980,271,2025-02-12,Cali,ropa,67.5
4981,213,2025-05-20,Medellin,ropa,48.63
4982,218,2025-11-28,Bogota,electronica,344.1
4983,3,2025-01-20,Bogota,mercado,92.37
4984,378,2025-05-22,Medellin,electronica,885.61
4985,329,2025-07-18,Bogota,electronica,686.78
4986,359,2025-11-21,Barranquilla,electronica,34.32
4987,23,2025-03-20,Bogota,hogar,118.98
4988,119,2025-10-06,Barranquilla,mercado,26.51
4989,361,2025-05-11,Bogota,libros,15.21
4990,12,2025-02-04,Medellin,mercado,110.07
4991,107,2025-09-17,Bogota,mercado,20.61
4992,209,2025-05-07,Medellin,electronica,34.35
4993,245,2025-01-17,Medellin,deportes,172.77
4994,324,2025-07-08,Medellin,hogar,177.36
4995,400,2025-10-23,Medellin,electronica,550.5
4996,110,2025-03-14,Barranquilla,hogar,88.28
4997,249,2025-05-23,Bogota,mercado,14.8
4998,1,2025-11-06,Bogota,deportes,27.12
4999,50,2025-10-04,Bucaramanga,ropa,51.41
5000,358,2025-06-09,Cali,hogar,208.36
